Spp,Date,Day,Rep,Psi_leaf,Psi_xylem,hhmmss,E,A,Ca,Ci,gsw,RHcham,VPDleaf,Tair,Tleaf,Q,hhmmss_WithoutDaylightSavings,CiCa,Psi_diff,hhmmss_int,WUE,iWUE
AB,Mar-05,1,0,NA,NA,6:47:00,0,0,400,NA,0,NA,NA,NA,NA,NA,,NA,NA,6,NA,NA
AE,Mar-05,1,0,NA,NA,6:47:00,0,0,400,NA,0,NA,NA,NA,NA,NA,,NA,NA,6,NA,NA
AF,Mar-05,1,0,NA,NA,6:47:00,0,0,400,NA,0,NA,NA,NA,NA,NA,,NA,NA,6,NA,NA
EF,Mar-05,1,0,NA,NA,6:47:00,0,0,400,NA,0,NA,NA,NA,NA,NA,,NA,NA,6,NA,NA
ER,Mar-05,1,0,NA,NA,6:47:00,0,0,400,NA,0,NA,NA,NA,NA,NA,,NA,NA,6,NA,NA
HD,Mar-05,1,0,NA,NA,6:47:00,0,0,400,NA,0,NA,NA,NA,NA,NA,,NA,NA,6,NA,NA
PL,Mar-05,1,0,NA,NA,6:47:00,0,0,400,NA,0,NA,NA,NA,NA,NA,,NA,NA,6,NA,NA
AB,Mar-05,1,1,-0.22,-0.22,8:59:00,0.000267582,1.169241674,399.3479355,286.1319025,0.017902561,54.48821289,1.478656709,21.31694839,23.26554839,1999.984194,NA,0.716497763,0,8.084166667,NA,65.31141963
AF,Mar-05,1,1,-0.35,-0.2,10:22:00,0.00173522,6.986620689,396.1679032,212.5908726,0.066620861,49.21733057,2.586984831,28.50612903,30.9966871,2000.007419,NA,0.536618113,0.15,9.394722222,4026.360167,104.8713659
EF,Mar-05,1,1,-0.87,-0.51,9:39:00,0.00288966,14.18433425,392.3440323,242.9779253,0.168795678,54.31575253,1.761549744,25.09908065,26.61413548,1999.983871,NA,0.619298129,0.36,8.715555556,4908.651623,84.03256777
ER,Mar-05,1,1,-0.41,-0.14,9:17:00,0.001604654,9.649400829,394.8579032,225.5286564,0.098307267,55.85365367,1.649618429,22.8197871,25.14589032,1999.989032,NA,0.571164094,0.27,8.368333333,6013.384087,98.15551915
HD,Mar-05,1,1,-0.57,-0.35,9:31:00,0.00391234,18.03470155,390.2144516,273.0673642,0.283227992,58.54155883,1.469629217,23.88146129,25.16184516,2000.000645,NA,0.699787932,0.22,8.589444444,4609.696895,63.67556195
PL,Mar-05,1,1,-0.34,-0.28,9:54:00,0.000444677,2.916220397,398.453129,175.2897482,0.021946327,50.0837079,1.996345567,26.06045484,27.5311871,1999.993871,NA,0.439925641,0.06,8.9525,6558.064386,132.8796567
AB,Mar-05,1,2,-1.55,-0.81,10:53:00,0.003171543,10.98261778,393.8886452,248.3041593,0.136524505,54.36071963,2.346780072,30.61148065,31.88984516,2000.005484,NA,0.630391768,0.74,9.884166667,NA,80.44429665
AF,Mar-05,1,2,-0.8,-0.39,11:39:00,0.003220539,11.16333578,393.7947419,194.764454,0.099864088,45.4215359,3.215245148,32.45986774,34.32705161,1999.963871,NA,0.494583684,0.41,10.61027778,3466.294238,111.7852874
EF,Mar-05,1,2,-3.4,-2.1,11:05:00,0.005182343,17.3654348,390.3070645,251.7023428,0.232795548,53.34297375,2.309049958,31.66730645,32.12380968,1999.979355,NA,0.644882877,1.3,10.07361111,3350.88488,74.59521863
ER,Mar-05,1,2,-1.73,-1.53,10:58:00,0.00551328,20.15876748,388.829871,261.6175819,0.29714471,58.02764298,1.960324977,30.99484194,31.25505161,1999.980323,NA,0.672833034,0.2,9.963055556,3656.401902,67.84158291
HD,Mar-05,1,2,-2.1,-1.2,10:46:00,0.007235186,21.17091935,388.033129,280.912043,0.387273472,52.85809406,2.026919841,30.6686,30.43016452,1999.996129,NA,0.723938298,0.9,9.773611111,2926.105749,54.66658803
PL,Mar-05,1,2,-1.8,-1.5,11:14:00,0.001157513,4.72464303,397.4036774,189.9961628,0.039466982,48.15231337,2.876444586,31.71115161,33.30186774,2000.000645,NA,0.47809362,0.3,10.21555556,4081.719195,119.7112825
AB,Mar-05,1,3,-1.56,-0.89,11:46:00,0.004703949,15.28507957,391.4277419,219.6161844,0.162226846,42.84886106,2.954358323,31.47975806,32.60460323,2000.00871,NA,0.561064434,0.67,10.72083333,NA,94.2204077
AF,Mar-05,1,3,-1,-0.12,12:58:00,0.002585043,10.59281799,394.1832581,195.2022637,0.093500593,44.48691546,2.766644251,29.89009677,31.53203871,1999.99129,NA,0.495206886,0.88,11.85777778,4097.733767,113.2914525
EF,Mar-05,1,3,-2.8,-2.2,12:08:00,0.003913618,10.64359789,393.910129,224.6367743,0.115374817,38.61265258,3.405647407,32.19036452,33.7515,1999.950968,NA,0.570274176,0.6,11.06833333,2719.63127,92.25234905
ER,Mar-05,1,3,-1.36,-0.9,12:01:00,0.00551058,18.13362567,389.8590968,231.8920601,0.211970875,42.68801492,2.692975403,30.34999677,31.14403548,1999.991613,NA,0.594809925,0.46,10.95777778,3290.692753,85.54772287
HD,Mar-05,1,3,-0.84,-0.92,12:30:00,0.004504755,12.90359891,392.6695161,262.4823483,0.185129141,43.80075696,2.505663889,29.31615806,30.15981613,2000.019032,NA,0.668456138,0,11.41555556,2864.439667,69.70052818
PL,Mar-05,1,3,-1.3,-1.3,12:23:00,0.000945103,2.173760638,398.7204839,267.2302807,0.030518495,38.36689465,3.043051692,30.44252258,31.7939129,2000.014516,NA,0.670219594,0,11.305,2300.025117,71.22764861
AB,Mar-05,1,4,-1.96,-1.3,13:30:00,0.004928072,16.00158764,391.0236129,225.5677778,0.177152425,44.66214155,2.846503066,31.08838387,32.35385161,1999.98871,NA,0.57686485,0.66,12.36305556,NA,90.3266644
EF,Mar-05,1,4,-2.15,-1.927,13:41:00,0.004641221,12.82416694,392.6911935,251.5980084,0.169455988,42.44376625,2.801107109,30.82189677,31.70731613,2000.027097,NA,0.640701937,0.223,12.53666667,2763.101981,75.67845251
ER,Mar-05,1,4,-1.47,-1.1,13:34:00,0.005081651,11.64647778,393.1755806,273.7437827,0.187329266,43.45130746,2.7848511,31.43869355,32.07235484,1999.997742,NA,0.696238007,0.37,12.42611111,2291.868879,62.17116006
AB,Mar-05,1,5,NA,NA,19:27:00,0,0,400,NA,0,NA,NA,NA,NA,NA,,NA,NA,18,NA,NA
AE,Mar-05,1,5,NA,NA,19:27:00,0,0,400,NA,0,NA,NA,NA,NA,NA,,NA,NA,18,NA,NA
AF,Mar-05,1,5,NA,NA,19:27:00,0,0,400,NA,0,NA,NA,NA,NA,NA,,NA,NA,18,NA,NA
EF,Mar-05,1,5,NA,NA,19:27:00,0,0,400,NA,0,NA,NA,NA,NA,NA,,NA,NA,18,NA,NA
ER,Mar-05,1,5,NA,NA,19:27:00,0,0,400,NA,0,NA,NA,NA,NA,NA,,NA,NA,18,NA,NA
HD,Mar-05,1,5,NA,NA,19:27:00,0,0,400,NA,0,NA,NA,NA,NA,NA,,NA,NA,18,NA,NA
PL,Mar-05,1,5,NA,NA,19:27:00,0,0,400,NA,0,NA,NA,NA,NA,NA,,NA,NA,18,NA,NA
AB,Mar-24,2,0,NA,NA,7:01:00,0,0,400,NA,0,NA,NA,NA,NA,NA,,NA,NA,6,NA,NA
AE,Mar-24,2,0,NA,NA,7:01:00,0,0,400,NA,0,NA,NA,NA,NA,NA,,NA,NA,6,NA,NA
AF,Mar-24,2,0,NA,NA,7:01:00,0,0,400,NA,0,NA,NA,NA,NA,NA,,NA,NA,6,NA,NA
EF,Mar-24,2,0,NA,NA,7:01:00,0,0,400,NA,0,NA,NA,NA,NA,NA,,NA,NA,6,NA,NA
ER,Mar-24,2,0,NA,NA,7:01:00,0,0,400,NA,0,NA,NA,NA,NA,NA,,NA,NA,6,NA,NA
HD,Mar-24,2,0,NA,NA,7:01:00,0,0,400,NA,0,NA,NA,NA,NA,NA,,NA,NA,6,NA,NA
PL,Mar-24,2,0,NA,NA,7:01:00,0,0,400,NA,0,NA,NA,NA,NA,NA,,NA,NA,6,NA,NA
AB,Mar-24,2,1,-0.13,-0.18,7:35:00,0.000221443,0.259468536,399.8349324,358.3773318,0.01329956,53.5246674,1.631342115,20.34783333,23.54831333,1999.997333,NA,0.89631321,0,6.565833333,1171.717038,NA
AE,Mar-24,2,1,-0.096,-0.12,8:01:00,0.002039522,10.01354999,394.5715288,303.9627231,0.19914474,62.26559047,1.06000204,20.51000667,21.46353667,1999.996667,NA,0.770361521,0,6.998611111,4909.753359,50.28277418
AF,Mar-24,2,1,-0.344,-0.17,8:40:00,0.002876265,11.42531878,393.7347779,307.3005537,0.244711603,64.64275339,1.229123237,21.87815714,23.64510714,1999.991429,NA,0.780476023,0.174,7.6475,3972.276122,46.68891315
EF,Mar-24,2,1,-0.37,-0.32,8:29:00,0.001231895,7.977561353,395.7723891,229.8814999,0.082383098,60.65860484,1.492380403,21.53427742,24.34063226,1999.998387,NA,0.580842692,0.05,7.464444444,6475.845225,96.83492788
ER,Mar-24,2,1,-0.209,-0.101,7:49:00,0.000698374,6.914990552,396.3904405,150.3850174,0.046776931,57.97180817,1.477135102,20.29542667,23.24956667,1999.999333,NA,0.379386085,0.108,6.798888889,9901.557836,147.8290774
HD,Mar-24,2,1,-0.053,-0.026,8:19:00,0.001898601,12.30163882,393.4728155,242.8565075,0.142141065,61.1782782,1.357955855,21.19903448,23.48577586,1999.996552,NA,0.617212925,0.027,7.298055556,6479.317571,86.54528387
AB,Mar-24,2,2,-0.32,-0.173,8:54:00,0.000643602,4.149523804,397.7956939,237.5651295,0.043973088,61.27377052,1.442175076,23.27518065,25.10119677,1999.995161,NA,0.597203874,0.147,7.880555556,6447.344483,94.36507629
AE,Mar-24,2,2,-0.14,-0.59,9:31:00,0.002609114,7.233624413,395.8635793,330.0638642,0.209708754,64.83963936,1.283615347,24.739,25.69298929,1999.998571,NA,0.833781842,NA,8.496388889,2772.444751,34.49366932
AF,Mar-24,2,2,-1.114,-0.712,10:11:00,0.003688737,13.8383587,392.3498176,272.6749167,0.212474221,64.26281275,1.782146832,27.31942903,29.4417129,2000.007419,NA,0.694979084,0.402,9.162222222,3751.516766,65.12958906
EF,Mar-24,2,2,-1.76,-0.79,9:40:00,0.002191779,10.66190715,394.2287521,256.8555238,0.137192971,63.62430628,1.611777076,25.20142069,27.37731034,1999.992414,NA,0.651539296,0.97,8.646111111,4864.499181,77.71467497
ER,Mar-24,2,2,-0.875,-0.387,9:15:00,0.002637674,13.54638002,392.7063276,262.6515509,0.185802298,64.97597019,1.454393172,24.33005172,26.32316552,1999.995862,NA,0.668824341,0.488,8.23,5135.729442,72.9074945
HD,Mar-24,2,2,-0.854,-0.924,9:48:00,0.004044215,18.39910262,389.9995009,274.5124985,0.294288943,65.52095369,1.447805412,25.98246071,27.36382857,1999.976429,NA,0.703879102,0,8.779444444,4549.486766,62.52053656
PL,Mar-24,2,2,-1.48,-0.902,9:59:00,0.003364618,11.74744311,393.4439201,293.6912633,0.218669759,62.6508605,1.585221966,27.2823069,28.31482069,2000.003103,NA,0.746462833,0.578,8.9625,3491.464145,53.72230327
AB,Mar-24,2,3,-1.85,-0.686,10:32:00,0.001934557,9.526207816,394.8504145,194.8646923,0.082506447,57.80529854,2.306749022,30.56652903,32.27823871,1999.974194,NA,0.493515228,1.164,9.511666667,4924.232171,115.460163
AE,Mar-24,2,3,-1.331,-1.115,10:59:00,0.001575137,7.649922228,395.8572463,228.9516188,0.079661603,61.69855665,1.946150058,29.85444483,31.16073448,1999.98931,NA,0.578369149,0.216,9.961111111,4856.671025,96.03023213
AF,Mar-24,2,3,-1.701,-1.5,11:39:00,0.005385147,18.19873682,389.8586614,261.9353506,0.266766095,61.40609327,2.091703208,30.75362,32.17756667,2000.002,NA,0.671872595,0.201,10.62666667,3379.431763,68.21982689
EF,Mar-24,2,3,-2.6,-1.372,11:03:00,0.003756791,10.37465692,394.0935261,291.7380468,0.191340036,62.16938972,1.994774707,30.01676667,31.51676333,1999.991,NA,0.740276172,1.228,10.0275,2761.574152,54.22104614
ER,Mar-24,2,3,-1.654,-0.761,10:48:00,0.003735918,18.81091978,389.8552599,225.4836092,0.204580175,66.74511444,1.861176787,29.45894667,31.4089,2000.004667,NA,0.578377753,0.893,9.778055556,5035.153282,91.94888889
HD,Mar-24,2,3,-1.632,-1.256,11:17:00,0.004756943,13.22069366,392.4609485,292.409858,0.252984548,61.28887792,1.946083899,29.53769333,30.91173667,2000.002333,NA,0.745067399,0.376,10.26055556,2779.241555,52.25889788
PL,Mar-24,2,3,-1.69,-1.102,11:25:00,0.002409425,8.01475365,395.5302791,264.1245753,0.110331523,56.80757559,2.170116315,30.09002759,31.35276552,1999.983103,NA,0.667773339,0.588,10.39388889,3326.417569,72.64246366
AB,Mar-24,2,4,-2.5,-0.883,11:52:00,0.001886594,8.451253395,395.4109336,198.0934553,0.074480133,56.75000002,2.484424604,30.77258,32.85687667,1999.986,NA,0.500981229,1.617,10.84305556,4479.635467,113.469902
AE,Mar-24,2,4,-1.522,-0.64,12:18:00,0.002063939,5.180429782,396.9955312,277.4018824,0.080254383,60.60131489,2.516495452,32.03097241,34.24125862,2000.004138,NA,0.698753161,0.882,11.27583333,2509.972331,64.55011662
AF,Mar-24,2,4,-1.31,-1.12,12:56:00,0.002300293,8.968625687,395.0658982,204.5067501,0.082835103,54.43461941,2.728795681,31.02841667,33.47503,2000.01,NA,0.517652247,0.19,11.90833333,3898.905786,108.270834
EF,Mar-24,2,4,-3.2,-1.5,12:07:00,0.003201196,13.35063966,392.6714651,232.1824564,0.148571985,66.24316657,2.148851065,31.98398621,33.88607931,1999.984828,NA,0.591289353,1.7,11.09277778,4170.516163,89.85973809
ER,Mar-24,2,4,-1.77,-1.03,12:01:00,0.003245206,14.32688385,392.2033311,243.1832435,0.172238881,66.37787766,1.897259823,31.17215806,32.53405806,1999.996129,NA,0.620043799,0.74,10.99305556,4414.7841,83.18031194
HD,Mar-24,2,4,-0.63,-0.51,12:26:00,0.001814108,6.404042807,396.4375266,218.5555917,0.063654008,57.09898516,2.777624545,31.6889,34.37734138,2000.016552,NA,0.551298949,0.12,11.40888889,3530.13316,100.6070632
PL,Mar-24,2,4,-1.4,-1.06,12:38:00,0.001750089,6.253960241,396.5269755,245.485348,0.073576507,55.08402216,2.334743735,31.08631333,32.20968333,2000.002667,NA,0.619088645,0.34,11.60861111,3573.509828,84.99941756
AB,Mar-24,2,5,-1.278,-1.16,13:15:00,0.001264859,4.924424608,397.2843472,182.6758152,0.039856177,51.22065611,3.072219447,32.27243,34.70261667,2000.02,NA,0.459811257,0.118,12.22444444,3893.259729,123.554866
AE,Mar-24,2,5,-1,-0.91,13:28:00,0.002541874,8.494987203,395.2452166,240.9106662,0.098921247,52.86845226,2.538349879,31.70263929,32.889,1999.988214,NA,0.609522029,0.09,12.44083333,3342.017426,85.87626481
AF,Mar-24,2,5,-1.236,-0.938,14:13:00,0.005364001,16.50461422,390.6919999,232.067841,0.192451628,49.25351961,2.8264221,32.05257419,33.46400323,1999.999355,NA,0.593991792,0.298,13.19,3076.922286,85.75980568
EF,Mar-24,2,5,-2.42,-1.28,13:35:00,0.003908221,10.43941836,394.0352005,252.6998225,0.137197168,50.99087206,2.840019827,32.53818966,34.02356552,1999.973103,NA,0.641312812,1.14,12.5575,2671.143305,76.09062572
ER,Mar-24,2,5,-1.74,-0.893,13:20:00,0.005828486,19.60510631,389.0547293,260.9741687,0.28856179,57.33927222,2.106434575,31.59989355,32.0294,2000.016129,NA,0.670790377,0.847,12.30777778,3363.670481,67.9407565
HD,Mar-24,2,5,-1.548,-0.926,13:50:00,0.003189518,11.26441162,393.7387554,202.2883123,0.104858307,53.44455455,2.991669374,33.68457333,35.47094667,1999.974667,NA,0.513762767,0.622,12.80694444,3531.697147,107.4250762
PL,Mar-24,2,5,-1.58,-1.321,13:55:00,0.003392188,8.621982373,395.0083455,258.5903467,0.117603212,52.38286717,2.849816376,33.9532931,34.97755517,1999.981379,NA,0.654645274,0.259,12.89027778,2541.717137,73.31417422
AB,Mar-24,2,6,-0.983,-0.667,14:20:00,0.001789835,5.932565675,396.6930457,204.45565,0.054617894,43.96033729,3.195438064,31.92073793,33.80504828,2000.002069,NA,0.515400137,0.316,13.30638889,3314.588035,108.6194513
AE,Mar-24,2,6,-1.471,-0.816,14:47:00,0.005770252,21.22264671,388.275607,221.3387971,0.233564164,48.60432117,2.542639761,30.90751379,31.80946552,2000.005862,NA,0.570055891,0.655,13.75583333,3677.941052,90.86431046
AF,Mar-24,2,6,-1.39,-1.36,15:19:00,0.004389433,14.18785262,392.0516685,220.9706179,0.150948656,48.81938885,2.916333718,31.24161379,33.33950345,1999.997931,NA,0.563626266,0.03,14.28833333,3232.27456,93.99124839
EF,Mar-24,2,6,-1.728,-1.58,14:53:00,0.003086155,8.889078584,394.9699996,240.8955839,0.105296092,45.67173362,2.908082381,30.52648621,32.5058931,2000.010345,NA,0.609908561,0.148,13.85555556,2880.308534,84.41983378
ER,Mar-24,2,6,-1.671,-1.226,14:27:00,0.007246659,20.50588855,388.3448527,267.526227,0.32871723,50.09220394,2.32951876,31.23752,31.4185,2000.005667,NA,0.688888304,0.445,13.42277778,2829.702426,62.38154462
HD,Mar-24,2,6,-0.791,-0.382,15:04:00,0.001999111,6.904747258,396.1558395,204.8452715,0.063810843,43.23863037,3.072820654,30.18433333,32.58171333,1999.981333,NA,0.51708255,0.409,14.03861111,3453.908892,108.2064886
PL,Mar-24,2,6,-1.24,-0.815,15:09:00,0.003496985,8.707033863,394.9785177,263.7318081,0.124049874,45.24021054,2.813045717,30.85243448,32.22741724,1999.988276,NA,0.667711777,0.425,14.12194444,2489.868805,70.18978401
AB,Mar-24,2,7,-1.4,-1.13,15:33:00,0.001828942,6.717260689,396.283107,182.2231907,0.054934944,43.29712159,3.249108746,31.38153333,33.66952333,2000.022667,NA,0.459830832,0.27,14.52138889,3672.757632,122.2766458
AE,Mar-24,2,7,-1.3,-0.66,16:14:00,0.004436834,12.05522928,393.0672759,214.8395109,0.12464722,39.60768034,3.547263246,34.33564138,35.17534828,2000.002069,NA,0.546571857,0.64,15.20361111,2717.079179,96.71478658
AF,Mar-24,2,7,-1.17,-0.756,17:10:00,0.004622484,14.75513675,391.7352069,234.0269791,0.172523169,45.90628413,2.728390957,30.18602759,31.73977586,2000.013448,NA,0.597411147,0.414,16.13583333,3192.036306,85.52553744
EF,Mar-24,2,7,-1.12,-1.03,16:22:00,0.003760464,8.859393309,394.8127097,241.1693712,0.107965582,41.1322009,3.457544841,32.93473548,34.6114871,2000.027419,NA,0.610845004,0.09,15.33694444,2355.930893,82.05757006
ER,Mar-24,2,7,-0.904,-0.548,15:44:00,0.003346077,11.90586849,393.3981257,217.5620853,0.121337974,47.38337907,2.748855165,30.43283793,32.15941034,2000,NA,0.553032847,0.356,14.70444444,3558.157356,98.12153687
HD,Mar-24,2,7,-0.654,-0.863,16:34:00,0.002190099,6.742279182,396.1943333,203.854694,0.062664139,40.55356353,3.424149213,32.08112,34.08877333,1999.978,NA,0.514532079,0,15.53666667,3078.527127,107.5939012
PL,Mar-24,2,7,-0.87,-0.923,16:50:00,0.001355414,3.522382458,397.9744333,219.4327436,0.035679006,40.5361887,3.683004395,32.04682,34.92122,1999.993667,NA,0.551373971,0,15.80277778,2598.75024,98.72423178
AB,Mar-24,2,8,NA,NA,19:02:00,0,0,400,NA,0,NA,NA,NA,NA,NA,,NA,NA,18,NA,NA
AE,Mar-24,2,8,NA,NA,19:02:00,0,0,400,NA,0,NA,NA,NA,NA,NA,,NA,NA,18,NA,NA
AF,Mar-24,2,8,NA,NA,19:02:00,0,0,400,NA,0,NA,NA,NA,NA,NA,,NA,NA,18,NA,NA
EF,Mar-24,2,8,NA,NA,19:02:00,0,0,400,NA,0,NA,NA,NA,NA,NA,,NA,NA,18,NA,NA
ER,Mar-24,2,8,NA,NA,19:02:00,0,0,400,NA,0,NA,NA,NA,NA,NA,,NA,NA,18,NA,NA
HD,Mar-24,2,8,NA,NA,19:02:00,0,0,400,NA,0,NA,NA,NA,NA,NA,,NA,NA,18,NA,NA
PL,Mar-24,2,8,NA,NA,19:02:00,0,0,400,NA,0,NA,NA,NA,NA,NA,,NA,NA,18,NA,NA
AB,Mar-28,3,0,-0.221,-0.221,7:06:00,0,0,400,NA,0,NA,NA,NA,NA,NA,6:54:00,NA,0,6,NA,NA
AE,Mar-28,3,0,-0.08,-0.08,7:06:00,0,0,400,NA,0,NA,NA,NA,NA,NA,6:56:00,NA,0,6,NA,NA
AF,Mar-28,3,0,-0.29,-0.29,7:06:00,0,0,400,NA,0,NA,NA,NA,NA,NA,6:58:00,NA,0,6,NA,NA
EF,Mar-28,3,0,-0.306,-0.306,7:06:00,0,0,400,NA,0,NA,NA,NA,NA,NA,6:48:00,NA,0,6,NA,NA
ER,Mar-28,3,0,-0.335,-0.335,7:06:00,0,0,400,NA,0,NA,NA,NA,NA,NA,6:40:00,NA,0,6,NA,NA
HD,Mar-28,3,0,-0.132,-0.132,7:06:00,0,0,400,NA,0,NA,NA,NA,NA,NA,6:50:00,NA,0,6,NA,NA
PL,Mar-28,3,0,-0.291,-0.291,7:06:00,0,0,400,NA,0,NA,NA,NA,NA,NA,6:28:00,NA,0,6,NA,NA
AB,Mar-28,3,1,-0.29,-0.41,8:39:00,0.000139995,0.691049687,399.6279355,286.2015451,0.010456162,59.05718664,1.337723189,18.71497097,21.77339677,1999.995161,NA,0.716170016,0,7.571666667,4936.245487,66.09018558
AE,Mar-28,3,1,-0.37,-0.32,8:14:00,0.001091031,11.52434635,394.0284828,198.816723,0.099857742,60.78561185,1.124952288,17.63594828,20.06074483,1999.992414,NA,0.504574496,0.05,7.149166667,10562.80376,115.4076401
AF,Mar-28,3,1,-0.75,-0.44,8:48:00,0.002038274,15.77719458,391.7125333,240.7273893,0.183051764,63.82801537,1.174863918,19.2999,21.72259333,1999.996,NA,0.614551154,0.31,7.723888889,7740.467955,86.18979809
EF,Mar-28,3,1,-0.75,-0.71,7:55:00,7.95E-05,1.036805322,399.463129,136.2945311,0.006444752,56.04849493,1.23297927,16.76073871,19.7215871,1999.995806,NA,0.341194271,0.04,6.828055556,13041.57638,160.8759068
ER,Mar-28,3,1,-0.44,-0.19,8:32:00,0.001223552,12.40191642,393.5624,198.832851,0.108095834,61.86844226,1.167906347,18.32745333,20.86960333,1999.996667,NA,0.505213026,0.25,7.453333333,10135.99456,114.7307529
HD,Mar-28,3,1,-0.49,-0.429,8:06:00,0.002288884,17.02159316,391.0376897,269.1799665,0.249913838,63.55447964,0.988491612,17.14973448,19.22348966,1999.996552,NA,0.688373458,0.061,7.013888889,7436.634255,68.10984656
PL,Mar-28,3,1,-0.24,-0.145,8:23:00,0.001049074,9.979329526,394.7888667,218.224999,0.095885637,60.65773175,1.124950467,18.01927,20.24779,1999.998,NA,0.552763812,0.095,7.301388889,9512.512488,104.0753322
AB,Mar-28,3,2,-0.846,-0.69,9:36:00,0.001676799,11.09935545,394.1121333,190.5205076,0.093498525,56.37888828,1.828987324,24.17367,26.78983,1999.993667,NA,0.483417006,0.156,8.535,6619.371463,118.7115567
AE,Mar-28,3,2,-0.69,-0.64,9:08:00,0.001768536,12.40468483,393.4599655,267.316443,0.172821948,62.13816022,1.076004043,20.52162414,21.55232069,1999.993448,NA,0.679399345,0.05,8.061944444,7014.098005,71.77725384
AF,Mar-28,3,2,-1.18,-0.318,9:44:00,0.002241388,15.77842026,391.6714333,205.5101774,0.147261679,60.62192309,1.578875232,24.07516667,26.14192667,2000.002333,NA,0.52470045,0.862,8.670277778,7039.575593,107.1454595
EF,Mar-28,3,2,-0.973,-0.58,8:55:00,0.002186935,15.65247374,391.7464667,254.0375271,0.200873609,63.43958278,1.155005999,19.69363,21.76477,1999.994,NA,0.648474329,0.393,7.842222222,7157.265186,77.92200189
ER,Mar-28,3,2,-0.563,-0.479,9:12:00,0.001982479,9.118764319,395.0504828,288.6124829,0.153678694,62.01342164,1.346145116,20.86219655,23.35510345,1999.995172,NA,0.730571143,0.084,8.129444444,4599.677635,59.33655526
HD,Mar-28,3,2,-0.673,-0.458,9:02:00,0.002872648,18.1067134,390.3942667,273.1166558,0.280670563,64.78099278,1.111970859,20.15702333,21.95959333,1999.992667,NA,0.699591872,0.215,7.960555556,6303.143789,64.51233505
PL,Mar-28,3,2,-0.683,-0.268,9:28:00,0.0030076,12.60798724,393.1125667,294.1864651,0.235329184,59.69948443,1.365877201,22.99269667,24.29517667,1999.988667,NA,0.748351719,0.415,8.4,4192.042572,53.57596124
AE,Mar-28,3,3,-0.83,-0.748,10:06:00,0.003062301,18.54238367,390.1307333,244.1847606,0.227713242,63.16551649,1.430276304,24.14235,25.81908667,2000.002,NA,0.625904959,0.082,9.042222222,6055.049347,81.42865785
AF,Mar-28,3,3,-1.09,-0.72,10:36:00,0.001988982,14.61366804,392.3168333,193.8010396,0.126889884,64.93012644,1.611663035,24.70496667,27.28821,1999.992667,NA,0.49399114,0.37,9.549166667,7347.310353,115.1681094
EF,Mar-28,3,3,-1.268,-0.683,9:51:00,0.002515592,17.1406202,390.921,220.234298,0.176267263,62.57225504,1.494018495,23.87929333,25.90077,2000,NA,0.563372901,0.585,8.788611111,6813.752071,97.24222132
ER,Mar-28,3,3,-0.921,-0.318,10:18:00,0.002166397,14.72144641,392.2106667,214.0806172,0.143764516,62.08538672,1.560252025,24.41693333,26.45791,1999.998,NA,0.545830686,0.603,9.245,6795.359489,102.3997216
HD,Mar-28,3,3,-0.872,-0.63,9:59:00,0.003329018,15.58921546,391.5495333,286.9415043,0.275622611,64.37410171,1.304088269,23.79989333,25.15417667,1999.999333,NA,0.732835771,0.242,8.923888889,4682.827026,56.56000211
PL,Mar-28,3,3,-0.612,-0.5,10:27:00,0.00115672,5.232871025,397.1553871,281.097307,0.07929782,62.70846416,1.479793184,24.41743226,26.15588387,1999.970645,NA,0.707776644,0.112,9.396944444,4523.887393,65.99009941
AB,Mar-28,3,4,-0.87,-0.74,11:27:00,0.000803695,5.388612595,397.1450968,151.8421479,0.036970942,56.9922959,2.16201158,28.01466452,30.2686129,2000.004516,NA,0.382334187,0.13,10.41111111,6704.797958,145.7526453
AE,Mar-28,3,4,-1.428,-0.82,11:08:00,0.00380909,16.66917117,390.9178,241.6433282,0.202571739,57.84545834,1.97231155,28.09979333,29.66958333,1999.985,NA,0.61814358,0.608,10.09,4376.155767,82.28774286
AF,Mar-28,3,4,-1.061,-0.68,11:46:00,0.003490101,17.05383041,390.7813,241.5737603,0.20606836,63.4037377,1.776584034,27.81965,29.5747,2000.006667,NA,0.618181475,0.381,10.73222222,4886.342948,82.75812167
EF,Mar-28,3,4,-1.61,-0.97,10:58:00,0.003662594,22.41417601,388.0987586,235.3531486,0.265267652,64.69015881,1.481042363,25.65052759,27.18918276,1999.974483,NA,0.606425925,0.64,9.921111111,6119.754472,84.49645421
ER,Mar-28,3,4,-1.368,-0.86,11:13:00,0.004772956,15.96298668,391.0701724,275.9038847,0.261949933,58.32913157,1.943901875,28.8788069,30.05271034,1999.978621,NA,0.705509917,0.508,10.17444444,3344.465501,60.93907525
HD,Mar-28,3,4,-1.24,-0.86,10:42:00,0.003291058,15.42681682,391.646,282.6313436,0.260592647,66.45315884,1.354436875,24.81944,26.35008333,1999.991333,NA,0.72165002,0.38,9.650555556,4687.494666,59.19897203
PL,Mar-28,3,4,-1.165,-0.658,11:36:00,0.002338094,8.529555939,395.2806552,267.0981972,0.120093568,57.51669816,1.987152104,29.19125172,30.26635172,2000.008276,NA,0.675717857,0.507,10.56333333,3648.080847,71.02425285
AB,Mar-28,3,5,-1.738,-0.976,12:42:00,0.002093964,12.97268298,393.1065667,172.6280619,0.101271212,61.59942903,2.089372038,29.99883,31.77126,1999.995667,NA,0.439138077,0.762,11.67861111,6195.275076,128.0984272
AE,Mar-28,3,5,-0.9,-0.106,12:32:00,0.00322396,17.00954089,390.8608276,199.9891122,0.157277226,60.53864985,2.1100515,29.70764483,31.51771724,1999.98,NA,0.511663227,0.794,11.50972222,5275.977646,108.1500566
AF,Mar-28,3,5,-1.81,-0.9,13:02:00,0.004404193,19.77494374,389.2353793,239.5251518,0.241605655,63.11060909,1.919952631,31.38914483,32.20546897,2000.016552,NA,0.615373536,0.91,12.01666667,4490.026604,81.84801693
EF,Mar-28,3,5,-1.329,-0.775,12:23:00,0.00080738,11.67041359,393.9955172,-63.78410291,0.041745113,63.6030556,1.92401538,27.67635172,30.13047241,1999.99,NA,-0.161890428,0.554,11.3575,NA,NA
ER,Mar-28,3,5,-1.63,-0.93,12:35:00,0.003943422,15.04324646,391.6962,258.0432109,0.20688353,60.57352172,1.993001239,30.02296667,31.25394,1999.988,NA,0.658784055,0.7,11.56055556,3814.769624,72.71360103
HD,Mar-28,3,5,-1.61,-0.7,12:14:00,0.009490055,18.40433736,388.9640345,278.137585,0.341418142,15.335399,3.072409856,27.67535172,27.30341724,1999.997586,NA,0.715072758,0.91,11.20555556,1939.328841,53.90556358
PL,Mar-28,3,5,-1.033,-0.843,12:53:00,0.000984782,5.135754662,397.2274,163.1723796,0.037387444,57.1735759,2.596112058,32.25463667,34.07630333,1999.978333,NA,0.410778258,0.19,11.86472222,5215.118333,137.3657601
AB,Mar-28,3,6,-3.125,-1.08,13:47:00,0.002829647,3.610626927,397.6267857,271.8036552,0.058929071,5.013324648,4.832162889,30.744025,33.010375,1999.996071,NA,0.683564752,2.045,12.77722222,1275.999065,61.27072539
AE,Mar-28,3,6,-1.372,-1.103,13:30:00,0.009210828,14.47490898,390.9576897,263.1907598,0.233460336,12.11834893,4.195128877,31.07601724,31.88543793,1999.975862,NA,0.673194995,0.269,12.49,1571.510073,62.00157692
AF,Mar-28,3,6,-1.923,-1.32,14:08:00,0.00810062,11.99540152,392.4292759,280.8337944,0.224516005,11.64941923,3.834086727,29.45808276,30.22233793,1999.995862,NA,0.715629061,0.603,13.13222222,1480.800423,53.42782364
EF,Mar-28,3,6,-2.146,-1.058,13:23:00,0.009708109,13.63003225,391.2852333,291.1218922,0.293077569,13.25103487,3.596635381,30.41016667,29.64618,2000.011333,NA,0.744014513,1.088,12.37166667,1403.984262,46.50656922
ER,Mar-28,3,6,-1.528,-0.99,13:34:00,0.010733708,14.24411606,390.7659,293.2188926,0.320429623,13.70220035,3.662698396,31.1392,30.10324,1999.998667,NA,0.750369704,0.538,12.5575,1327.045235,44.4531811
HD,Mar-28,3,6,-1.28,-1.16,13:12:00,0.009189554,11.53666597,392.4147333,297.675262,0.267165606,12.74802627,3.705567654,30.58324333,30.02737667,2000.004667,NA,0.758573103,0.12,12.18583333,1255.410869,43.18170345
PL,Mar-28,3,6,-0.94,-1.074,14:02:00,0.007912733,7.949037217,394.4667333,309.5162023,0.214461936,11.32651072,3.907944775,29.67844667,30.48929,2000.000667,NA,0.784644626,0,13.03083333,1004.588076,37.06502592
AB,Mar-28,3,7,-1.464,-1.188,14:40:00,0.005423258,12.06354776,392.9167097,211.5595298,0.125195076,7.820433409,4.452431414,30.70455484,32.08955484,1999.976452,NA,0.538433527,0.276,13.67305556,2224.409711,96.35800501
AE,Mar-28,3,7,-1.23,-0.953,14:31:00,0.005023588,12.56665769,392.7438333,216.74301,0.133003011,8.049470542,3.904401796,29.1014,29.87533667,2000.001333,NA,0.551868652,0.277,13.52111111,2501.530319,94.48400901
AF,Mar-28,3,7,-1.824,-1.181,15:17:00,0.006929666,13.03211655,392.1036333,225.5727422,0.152070611,8.605309875,4.713572506,32.56885333,33.30002,1999.987333,NA,0.575288579,0.643,14.29833333,1880.626938,85.69779831
EF,Mar-28,3,7,-1.457,-1.251,14:22:00,0.004701975,10.16385823,393.9899,232.1843595,0.118947622,7.641659318,4.065394654,29.14123667,30.46368,2000.015333,NA,0.589315512,0.206,13.36888889,2161.61469,85.44818349
ER,Mar-28,3,7,-3.043,-1.027,14:45:00,0.00480171,9.695680535,394.2145,234.448515,0.115909347,7.266723046,4.250881026,30.27862333,31.20918,2000.034333,NA,0.594723215,2.016,13.7575,2019.2141,83.64882372
HD,Mar-28,3,7,-1.949,-0.78,14:17:00,0.008699789,16.28137247,390.1619655,265.754391,0.26452753,12.54858219,3.541436194,29.21233103,29.13093793,1999.99931,NA,0.681138641,1.169,13.28444444,1871.467511,61.54887724
PL,Mar-28,3,7,-1.334,-0.845,14:57:00,0.007619616,11.11462797,392.9513,267.864732,0.183447351,10.09322864,4.345263285,31.01963667,32.09609667,2000.02,NA,0.681674121,0.489,13.96055556,1458.686103,60.58756319
AB,Mar-28,3,8,-1.856,-1.158,15:40:00,0.006054082,11.87829373,392.9080968,229.6767068,0.14027665,8.287448345,4.454709359,31.42634516,32.23063548,1999.980323,NA,0.5845558,0.698,14.68722222,1962.030532,84.67762618
AE,Mar-28,3,8,-0.913,-0.789,15:59:00,0.003616221,9.474308514,394.5960667,191.62892,0.085050593,7.490006974,4.316218267,30.51603333,31.51254,2000.011,NA,0.485633123,0.124,15.00833333,2619.947319,111.3961488
AF,Mar-28,3,8,-1.029,-0.685,16:40:00,0.00447703,14.10775863,392.0454,194.717617,0.129648498,25.46616766,3.544801855,29.32101,31.29635667,2000.003333,NA,0.496671092,0.344,15.70138889,3151.142304,108.8154421
EF,Mar-28,3,8,-1.187,-1.107,15:37:00,0.00185686,4.290000817,397.4981,186.5976048,0.037046745,3.701225212,5.00176716,31.29882667,33.41671,1999.999,NA,0.46943018,0.08,14.63638889,2310.352324,115.7996692
ER,Mar-28,3,8,-1.57,-0.572,16:11:00,0.007722272,15.04916087,390.9241,261.7782166,0.231983005,17.28977366,3.538363856,29.82090667,30.02855333,2000.004667,NA,0.669639494,0.998,15.21111111,1948.799637,64.87182486
HD,Mar-28,3,8,-1.847,-0.831,15:50:00,0.00943384,16.83043998,389.7337333,263.824196,0.272602101,12.68109516,3.727582884,30.75123667,30.12693,2000.007,NA,0.676934464,1.016,14.85611111,1784.049759,61.73994961
PL,Mar-28,3,8,-0.982,-0.556,16:26:00,0.001036699,2.423469889,398.5670667,239.4131064,0.027908088,18.44642025,3.696633825,29.65626,30.82732,2000.006667,NA,0.600684618,0.426,15.46472222,2337.679393,86.83754648
AB,Mar-28,3,9,-0.506,-0.589,16:47:00,0.002592285,7.913382937,395.5255,198.8304489,0.072086833,24.19759134,3.625186135,29.08512,31.35369667,2000.008333,NA,0.502699444,0,15.81944444,3052.667024,109.7757053
AE,Mar-28,3,9,-0.38,-0.493,17:17:00,0.002968399,12.10881655,393.3672857,181.9149894,0.100895999,29.27560679,2.999454441,27.72749286,29.30325714,2000.012143,NA,0.462455817,0,16.32666667,4079.241554,120.0128516
AF,Mar-28,3,9,-0.801,-0.509,17:31:00,0.00209028,7.874599961,395.6382333,193.9485123,0.068672873,30.59217467,3.070408366,26.96011,29.59687667,2000.001333,NA,0.490216809,0.292,16.56333333,3767.246475,114.6682761
EF,Mar-28,3,9,-1.015,-0.748,17:08:00,0.003429955,10.1365964,394.2478333,226.114125,0.109917204,28.13681068,3.187132158,28.55477333,30.11999333,2000.001,NA,0.573532955,0.267,16.17444444,2955.314691,92.22028974
ER,Mar-28,3,9,-0.744,-0.21,16:54:00,0.004043813,12.48308627,392.962,220.7357109,0.132288199,26.69228584,3.14640167,28.76906667,29.77477333,2000.002,NA,0.56172279,0.534,15.93777778,3086.95933,94.36281062
HD,Mar-28,3,9,-1.123,-0.505,17:04:00,0.006741518,14.08277213,391.6357586,282.6493628,0.257650114,31.75199973,2.799636453,28.68213448,29.13513448,1999.997586,NA,0.721714901,0.618,16.10694444,2088.961586,54.6585131
PL,Mar-28,3,9,-1.115,-0.822,17:25:00,0.003992785,5.279571381,396.5692069,323.6396391,0.153812401,31.96542827,2.694086088,27.1827069,28.25006897,2000.006207,NA,0.816098763,0.293,16.46194444,1322.277904,34.3247446
AB,Mar-28,3,10,NA,NA,18:56:00,0,0,400,NA,0,NA,NA,NA,NA,NA,,NA,NA,18,NA,NA
AE,Mar-28,3,10,NA,NA,18:56:00,0,0,400,NA,0,NA,NA,NA,NA,NA,,NA,NA,18,NA,NA
AF,Mar-28,3,10,NA,NA,18:56:00,0,0,400,NA,0,NA,NA,NA,NA,NA,,NA,NA,18,NA,NA
EF,Mar-28,3,10,NA,NA,18:56:00,0,0,400,NA,0,NA,NA,NA,NA,NA,,NA,NA,18,NA,NA
ER,Mar-28,3,10,NA,NA,18:56:00,0,0,400,NA,0,NA,NA,NA,NA,NA,,NA,NA,18,NA,NA
HD,Mar-28,3,10,NA,NA,18:56:00,0,0,400,NA,0,NA,NA,NA,NA,NA,,NA,NA,18,NA,NA
PL,Mar-28,3,10,NA,NA,18:56:00,0,0,400,NA,0,NA,NA,NA,NA,NA,,NA,NA,18,NA,NA
AB,Apr-01,4,0,-0.069,-0.069,7:09:00,0,0,400,NA,0,NA,NA,NA,NA,NA,6:40:00,NA,0,6,NA,NA
AE,Apr-01,4,0,-0.017,-0.017,7:09:00,0,0,400,NA,0,NA,NA,NA,NA,NA,6:35:00,NA,0,6,NA,NA
AF,Apr-01,4,0,-0.135,-0.135,7:09:00,0,0,400,NA,0,NA,NA,NA,NA,NA,6:30:00,NA,0,6,NA,NA
EF,Apr-01,4,0,-0.64,-0.64,7:09:00,0,0,400,NA,0,NA,NA,NA,NA,NA,6:45:00,NA,0,6,NA,NA
ER,Apr-01,4,0,-0.12,-0.12,7:09:00,0,0,400,NA,0,NA,NA,NA,NA,NA,6:55:00,NA,0,6,NA,NA
HD,Apr-01,4,0,-0.038,-0.038,7:09:00,0,0,400,NA,0,NA,NA,NA,NA,NA,7:00:00,NA,0,6,NA,NA
PL,Apr-01,4,0,-0.06,-0.06,7:09:00,0,0,400,NA,0,NA,NA,NA,NA,NA,6:50:00,NA,0,6,NA,NA
AB,Apr-01,4,1,-0.2,-0.2,8:37:00,0.000726842,6.428839166,396.6333,207.7253916,0.057072085,62.24718671,1.295531211,19.79410667,22.51324333,1999.996667,NA,0.523721512,0,7.504166667,8844.892241,112.6441967
AE,Apr-01,4,1,-0.022,-0.017,8:27:00,0.001349198,12.9258055,393.2818333,240.221238,0.144357321,64.93292084,0.974730066,19.30850667,20.59456,1999.994667,NA,0.610811936,0.005,7.333333333,9580.362186,89.54035314
AF,Apr-01,4,1,-0.4,-0.132,7:30:00,0.000871878,10.32487861,394.6557,197.7145393,0.08776807,65.75210968,1.020612024,18.08496333,20.29492333,1999.992,NA,0.500979814,0.268,6.358888889,11842.11393,117.6382095
EF,Apr-01,4,1,-0.64,-0.513,8:15:00,0.001347131,10.03793008,394.7126552,259.8548279,0.128095909,64.73545652,1.091489464,18.86515862,21.07237931,2000.00069,NA,0.658339236,0.127,7.128055556,7451.339239,78.3626125
ER,Apr-01,4,1,-0.22,-0.097,7:43:00,0.001500109,14.01195135,392.6801613,232.7634586,0.150026517,65.32499992,1.044335129,18.33504194,20.53951613,1999.997742,NA,0.592755839,0.123,6.581111111,9340.622148,93.39649837
HD,Apr-01,4,1,-0.41,-0.041,8:06:00,0.00162937,11.89986678,393.742,279.4025215,0.181666061,64.75828813,0.944774596,18.78945517,20.05184138,2000.00069,NA,0.709608123,0.369,6.974166667,7303.354536,65.50407222
PL,Apr-01,4,1,-0.16,-0.085,7:55:00,0.001349276,7.889182135,395.7899655,293.7185237,0.135146713,63.47624339,1.038658944,18.77074828,20.48834828,1999.997241,NA,0.74210705,0.075,6.786111111,5846.974329,58.37494646
AB,Apr-01,4,2,-0.72,-0.61,9:47:00,0.001249319,8.502499196,395.5032667,210.2948489,0.078140164,59.48499616,1.629090678,23.62804667,25.98483667,1999.995333,NA,0.531714569,0.11,8.700833333,6805.707106,108.8108696
AE,Apr-01,4,2,-0.346,-0.035,9:42:00,0.003842299,19.03678683,389.7428621,289.3389723,0.350900249,64.47125091,1.198629126,23.29741034,24.30081034,1999.995172,NA,0.742384275,0.311,8.615277778,4954.530303,54.25127763
AF,Apr-01,4,2,-0.935,-0.141,8:48:00,0.00261352,15.07628831,391.954,283.2798879,0.248754548,65.13892498,1.124066625,20.18268387,22.10166129,2000.000323,NA,0.722737586,0.794,7.692222222,5768.575833,60.60708611
EF,Apr-01,4,2,-1.03,-0.97,9:26:00,0.001078082,7.605216457,395.9715,216.5673004,0.071976896,59.97248556,1.525907166,22.48093667,24.92009333,1999.99,NA,0.546926484,0.06,8.341666667,7054.395173,105.6619121
ER,Apr-01,4,2,-0.35,-0.28,9:09:00,0.002252652,12.70293774,393.1981,272.4818835,0.18613735,63.0492782,1.272696308,21.32709333,23.34001333,1999.999667,NA,0.69298881,0.07,8.051111111,5639.103483,68.24496932
HD,Apr-01,4,2,-1.25,-0.5,9:18:00,0.002736526,12.01141048,393.4632581,305.6064293,0.250081068,64.02847838,1.169876766,21.71510645,23.11600323,1999.999032,NA,0.776708938,0.75,8.205,4389.291562,48.03006711
PL,Apr-01,4,2,-0.111,-0.09,8:55:00,0.002359117,10.98579137,394.0552069,299.5487032,0.209733613,63.3986095,1.191115899,20.63147931,22.5150931,1999.992069,NA,0.760169382,0.021,7.811944444,4656.738674,52.37973643
AB,Apr-01,4,3,-2,-0.34,11:07:00,0.003011514,18.25199918,390.3155172,211.3375637,0.178484323,63.23749338,1.754078816,27.42551379,29.22585862,1999.993448,NA,0.541453143,1.66,10.06833333,6060.738612,102.2610775
AE,Apr-01,4,3,-0.87,-0.3,11:01:00,0.003668395,15.34148322,391.6147586,277.1049609,0.244860698,62.54781013,1.586778131,27.13146207,28.21564138,2000.002414,NA,0.707595806,0.57,9.965555556,4182.069603,62.6539226
AF,Apr-01,4,3,-1.46,-0.82,10:08:00,0.004437114,13.93915627,392.1624667,302.107059,0.294082073,60.00915892,1.622136454,26.07236,27.36069333,1999.988,NA,0.770361992,0.64,9.059722222,3141.49158,47.3988643
EF,Apr-01,4,3,-1.83,-0.97,10:51:00,0.001718115,8.333542042,395.497,226.2894298,0.085548365,57.22001609,2.038135901,27.62058,29.59348667,2000.012,NA,0.572164719,0.86,9.794722222,4850.398281,97.41322399
ER,Apr-01,4,3,-1.6,-0.44,10:33:00,0.005201498,18.36154839,389.7921333,285.0041079,0.331103364,60.23326925,1.699743851,27.99022667,28.83788,2000.011,NA,0.731169471,1.16,9.486944444,3530.050072,55.45563829
HD,Apr-01,4,3,NA,-1.515,10:41:00,0.00562075,19.12519145,389.3347586,296.9270001,0.398729627,60.93782959,1.551955844,27.91288621,28.25995862,1999.98069,NA,0.762652174,NA,9.623888889,3402.604893,47.96531322
PL,Apr-01,4,3,-1.1,-0.76,10:22:00,0.005054747,7.648260447,395.1681935,341.493754,0.303807954,56.49349081,1.788071377,28.64309032,28.96488387,1999.986129,NA,0.864173179,0.34,9.298888889,NA,25.17465506
AB,Apr-01,4,4,-2.25,-0.48,12:24:00,0.002974822,13.68847568,392.5807667,203.6526023,0.127148278,57.36308725,2.385795035,30.71772667,32.57353333,2000.001667,NA,0.518753387,1.77,11.38444444,4601.443609,107.6575782
AE,Apr-01,4,4,-0.95,-0.29,12:04:00,0.005076765,12.54552386,392.7493103,314.5893525,0.315404046,62.21108613,1.730316472,28.73663793,29.72837241,1999.965862,NA,0.800992756,0.66,11.0425,2471.164976,39.77603972
AF,Apr-01,4,4,-1.48,-0.61,11:18:00,0.003073894,12.44448124,393.1723226,284.3565069,0.208039541,66.99952011,1.547356862,27.46162258,28.95437419,1999.999032,NA,0.723236328,0.87,10.25638889,4048.441892,59.8178653
EF,Apr-01,4,4,-1.1,-0.89,11:50:00,0.001712969,9.70532151,394.8171935,239.5926566,0.108350108,65.58453945,1.614959398,26.42892903,28.40226129,2000.009355,NA,0.606844536,0.21,10.80333333,5665.789346,89.5737133
ER,Apr-01,4,4,-1.52,-1.13,11:31:00,0.003955179,14.96227105,391.7253226,288.6100962,0.269108252,67.52490673,1.562495605,27.71775484,29.26177097,2000.014194,NA,0.736766503,0.39,10.47861111,3782.956738,55.59945092
HD,Apr-01,4,4,-1.93,-0.53,11:40:00,0.003476857,12.7720902,392.9210667,312.2082616,0.296920963,68.32031048,1.256488235,27.02466333,27.59114667,2000.009,NA,0.794582648,1.4,10.63222222,3673.458586,43.0151178
PL,Apr-01,4,4,-1.16,-0.6,11:24:00,0.003066064,12.21415874,393.2769333,292.6396867,0.221956021,66.24998901,1.452069395,27.82281333,28.64677333,1999.987333,NA,0.744105901,0.56,10.35888889,3983.660726,55.02963463
AB,Apr-01,4,5,-2.61,-0.265,14:02:00,0.002888327,14.12319505,392.3824333,234.4256199,0.157916732,62.48838937,1.882094199,29.39658,30.77367667,2000.007667,NA,0.597441679,2.345,13.05972222,4889.749343,89.43444353
AE,Apr-01,4,5,-0.2,-0.14,13:56:00,0.001854537,6.805357154,396.2278667,274.3065826,0.09976899,60.73649658,1.884410525,29.54053667,30.58033667,1999.999667,NA,0.692295029,0.06,12.95722222,3669.572057,68.21114611
AF,Apr-01,4,5,-2.13,-0.6,13:01:00,0.004798889,13.5581709,392.2677419,300.8350315,0.284221417,67.20975787,1.790198787,30.65100645,31.95328065,2000.000323,NA,0.766912492,1.53,12.01694444,2825.27287,47.70284746
EF,Apr-01,4,5,-1.46,-0.82,13:35:00,0.002377426,12.53552412,393.2606452,235.3529029,0.139016518,66.08546273,1.751754062,28.79621935,30.47619677,2000.006452,NA,0.598465434,0.64,12.59805556,5272.729465,90.17291111
ER,Apr-01,4,5,-1.09,-0.34,13:12:00,0.003549062,13.32135169,392.6476333,267.9052432,0.194444128,66.08961035,1.890508506,30.73058333,32.18959333,1999.999333,NA,0.68230449,0.75,12.205,3753.4852,68.50992019
HD,Apr-01,4,5,NA,-2.06,13:25:00,0.004741184,13.71216262,392.2125667,318.083231,0.360559006,68.5550694,1.425133379,29.56294333,30.05269333,2000.002667,NA,0.810997041,NA,12.42722222,2892.138888,38.03028739
PL,Apr-01,4,5,-1.69,-0.64,13:05:00,0.003545007,7.235113763,395.6721,327.4198524,0.209535669,65.35764543,1.760888192,30.75050667,31.59886667,1999.983333,NA,0.827503007,1.05,12.08527778,2040.930741,34.52927035
AB,Apr-01,4,6,-1.83,-0.66,14:56:00,0.002675887,12.06527697,393.4561333,240.298131,0.139355858,59.7204335,1.965348144,29.94087333,30.95992,2000.008333,NA,0.610736778,1.17,13.98277778,4508.888817,86.57890054
AE,Apr-01,4,6,-1.18,-0.58,14:51:00,0.003232082,11.83530828,393.4504839,257.9442823,0.157859649,59.62979934,2.103352651,30.28027419,31.66406452,1999.995161,NA,0.655595285,0.6,13.89722222,3661.821785,74.9736133
AF,Apr-01,4,6,-1.793,-0.13,14:14:00,0.003819062,14.10980783,392.2004839,267.8054927,0.207388404,62.8910942,1.918251977,29.56977742,31.08074839,2000.001613,NA,0.682828053,1.663,13.26472222,3694.574173,68.03566428
EF,Apr-01,4,6,-2.11,-0.77,14:40:00,0.003757654,14.02878465,392.2553333,253.6039505,0.18353124,60.31489427,2.11675501,30.29322,31.83265,2000.001667,NA,0.646527731,1.34,13.70916667,3733.389144,76.43812928
ER,Apr-01,4,6,-1.4,-0.72,14:27:00,0.003698627,15.03504004,391.7707333,261.2419917,0.208926883,63.01178536,1.846281524,29.09244,30.53866,2000.003,NA,0.666823653,0.68,13.48694444,4065.032792,71.96316637
HD,Apr-01,4,6,-2.25,-0.07,14:33:00,0.002223954,8.566486081,395.3007667,251.3074616,0.105765053,60.22398286,2.132973625,29.28443667,31.32325,1999.99,NA,0.635737349,2.18,13.58972222,3851.916938,80.99543127
PL,Apr-01,4,6,-1.25,-0.62,14:22:00,0.002205007,8.45354471,395.3443448,270.3707931,0.120997762,61.38668365,1.858093401,29.20668276,30.38912414,1999.982414,NA,0.683886836,0.63,13.40166667,3833.794954,69.86529809
AB,Apr-01,4,7,-1.64,-0.42,16:21:00,0.001761843,10.23879307,394.528129,184.9005821,0.083672739,57.19401853,2.123788922,29.55947419,30.95388387,2000.002903,NA,0.468662609,1.22,15.43583333,5811.410591,122.3671317
AE,Apr-01,4,7,-1.11,-0.6,16:07:00,0.002990777,12.99061451,392.9259032,229.7376573,0.14105527,60.19645524,2.165500307,30.57313548,32.15005806,2000.006774,NA,0.584684429,0.51,15.19638889,4343.558383,92.09591751
AF,Apr-01,4,7,-2.13,-0.66,15:08:00,0.004492817,12.56450707,392.8314,301.0276708,0.261336833,61.7245704,1.817392508,29.38267667,30.38395667,2000.007333,NA,0.766302467,1.47,14.18777778,2796.57664,48.07782709
EF,Apr-01,4,7,-2.32,-1.05,15:41:00,0.002868741,10.89456856,394.0034,241.9450889,0.128001679,63.48912638,2.270852186,32.14429667,33.94742,1999.975,NA,0.614068531,1.27,14.75194444,3797.682872,85.11270044
ER,Apr-01,4,7,-2.2,-0.56,15:19:00,0.004577105,14.54577756,391.8399667,286.2621794,0.258888752,61.76531364,1.867615901,29.24896333,30.5133,2000.006667,NA,0.730558911,1.64,14.37583333,3177.94273,56.18543659
HD,Apr-01,4,7,NA,-0.34,15:29:00,0.004082934,9.985628076,394.2165161,317.8375795,0.254020368,61.33846835,1.697764681,29.21970323,29.73569032,1999.999677,NA,0.806251302,NA,14.54694444,2445.699116,39.31034411
PL,Apr-01,4,7,-0.87,-0.62,15:14:00,0.002202114,7.838814997,395.6482333,262.6074215,0.105565838,58.58637325,2.116472552,29.3703,31.04763333,1999.975,NA,0.663739654,0.25,14.29055556,3559.6772,74.25522447
AB,Apr-01,4,8,-0.5,-0.4,17:33:00,0.001004368,5.410760807,397.0980968,200.3534235,0.046959643,55.32150589,2.139893294,28.70163226,30.26879677,1999.995484,NA,0.504543903,0.1,16.66666667,5387.229389,115.2215064
AE,Apr-01,4,8,-0.77,-0.62,17:21:00,0.001883484,9.368785787,394.951,231.1625389,0.099579432,56.16780133,1.920968681,28.75616774,29.53609032,2000.002258,NA,0.585294224,0.15,16.46138889,4974.17859,94.08354315
AF,Apr-01,4,8,-1.86,-0.43,16:37:00,0.002448034,11.14571118,393.95,213.9309621,0.108391132,56.3313044,2.293547164,29.12448387,31.2475,2000.003226,NA,0.543040899,1.43,15.70916667,4552.923358,102.8286261
EF,Apr-01,4,8,-1.27,-0.9,17:06:00,0.00139545,6.455653357,396.5140667,206.9529293,0.058853285,54.51976532,2.376602229,29.15378667,31.29895667,2000.015,NA,0.521930864,0.37,16.205,4626.216172,109.6906206
ER,Apr-01,4,8,-1.73,-0.61,16:48:00,0.003659098,14.05286401,392.2653226,258.0080906,0.189811679,57.88830866,2.002294846,29.01173548,30.2903129,2000.00871,NA,0.657738719,1.12,15.89722222,3840.526821,74.03582374
HD,Apr-01,4,8,-0.62,-0.24,16:57:00,0.002225451,7.14455991,395.9930968,272.7803567,0.104990046,54.54665167,2.152619645,29.57179032,30.64159032,1999.99129,NA,0.688851293,0.38,16.05111111,3210.387427,68.04987884
PL,Apr-01,4,8,-0.605,-0.47,16:42:00,0.002859249,10.65564865,394.1134138,241.8529312,0.125129652,55.99486366,2.3301157,29.29737241,31.42227586,1999.976207,NA,0.613663283,0.135,15.79472222,3726.729869,85.15686314
AB,Apr-01,4,9,NA,NA,18:51:00,0,0,400,NA,0,NA,NA,NA,NA,NA,,NA,NA,18,NA,NA
AE,Apr-01,4,9,NA,NA,18:51:00,0,0,400,NA,0,NA,NA,NA,NA,NA,,NA,NA,18,NA,NA
AF,Apr-01,4,9,NA,NA,18:51:00,0,0,400,NA,0,NA,NA,NA,NA,NA,,NA,NA,18,NA,NA
EF,Apr-01,4,9,NA,NA,18:51:00,0,0,400,NA,0,NA,NA,NA,NA,NA,,NA,NA,18,NA,NA
ER,Apr-01,4,9,NA,NA,18:51:00,0,0,400,NA,0,NA,NA,NA,NA,NA,,NA,NA,18,NA,NA
HD,Apr-01,4,9,NA,NA,18:51:00,0,0,400,NA,0,NA,NA,NA,NA,NA,,NA,NA,18,NA,NA
PL,Apr-01,4,9,NA,NA,18:51:00,0,0,400,NA,0,NA,NA,NA,NA,NA,,NA,NA,18,NA,NA
AB,Apr-09,5,0,-0.101,-0.101,7:15:00,0,0,400,NA,0,NA,NA,NA,NA,NA,5:35,NA,0,6,NA,NA
AE,Apr-09,5,0,-0.048,-0.048,7:15:00,0,0,400,NA,0,NA,NA,NA,NA,NA,5:25:00,NA,0,6,NA,NA
AF,Apr-09,5,0,-0.08,-0.08,7:15:00,0,0,400,NA,0,NA,NA,NA,NA,NA,5:52,NA,0,6,NA,NA
EF,Apr-09,5,0,-0.137,-0.137,7:15:00,0,0,400,NA,0,NA,NA,NA,NA,NA,5:44,NA,0,6,NA,NA
ER,Apr-09,5,0,-0.027,-0.027,7:15:00,0,0,400,NA,0,NA,NA,NA,NA,NA,5:48,NA,0,6,NA,NA
HD,Apr-09,5,0,-0.04,-0.04,7:15:00,0,0,400,NA,0,NA,NA,NA,NA,NA,5:39,NA,0,6,NA,NA
PL,Apr-09,5,0,-0.012,-0.012,7:15:00,0,0,400,NA,0,NA,NA,NA,NA,NA,6:10,NA,0,6,NA,NA
AB,Apr-09,5,1,-0.138,-0.063,7:47:00,0.000369017,1.276643934,399.2707742,320.3347878,0.028765951,58.51597983,1.272400419,18.80344194,21.33025806,1999.997419,6:47:15,0.802299613,0.075,6.560555556,3459.580274,NA
AE,Apr-09,5,1,-0.068,-0.068,7:32:00,0.000770118,6.513873424,396.5873333,247.5486248,0.073881114,59.18504765,1.048121375,18.6877,19.87174,1999.994333,6:32:59,0.624197003,0,6.297777778,8458.279671,88.16696272
AF,Apr-09,5,1,-0.236,-0.092,8:33:00,0.00134352,9.129957717,395.1712581,257.3070363,0.114088808,61.95127942,1.195370271,19.12093548,21.48849677,1999.996129,7:33:08,0.651127912,0.144,7.366388889,6795.550284,80.02500751
EF,Apr-09,5,1,-0.32,-0.2,8:19:00,0.001147388,5.134854433,397.2088667,304.31978,0.097614603,61.59928347,1.188025468,18.83048,21.23430333,2000.000667,7:19:08,0.766145485,0.12,7.121111111,4475.255479,52.60334289
ER,Apr-09,5,1,-0.05,-0.02,8:27:00,0.001593484,8.508295601,395.4352667,287.9653655,0.139281789,62.59928349,1.169289761,18.97024667,21.33099667,1999.998333,7:27:40,0.728223782,0.03,7.261111111,5339.429578,61.08692071
HD,Apr-09,5,1,-0.097,-0.042,7:54:00,0.000463094,3.539814901,398.1275172,244.5365165,0.038783635,58.91102123,1.188209116,18.85125172,20.86495862,2000.00069,6:54:23,0.614216566,0.055,6.683055556,7643.836675,91.27083887
PL,Apr-09,5,1,-0.048,-0.027,8:06:00,0.0020583,7.60240416,395.7924483,329.7065869,0.212424047,63.394254,1.01032997,18.79398276,20.299,2000.000345,7:06:50,0.833028999,0.021,6.893333333,NA,35.78881142
AB,Apr-09,5,2,-0.17,-0.097,8:59:00,0.000498329,3.555251335,398.1353667,227.319618,0.035053965,60.20388604,1.409159465,20.64107,23.34407333,1999.993333,7:59:21,0.570960625,0.073,7.821666667,7134.345653,101.422231
AE,Apr-09,5,2,-0.071,-0.068,8:43:00,0.001581748,9.116242451,395.1383333,289.7613395,0.151987261,62.42558398,1.067486653,19.52648333,20.96107,1999.992333,7:43:17,0.733316196,0.003,7.541388889,5763.397489,59.98030619
AF,Apr-09,5,2,-0.92,-0.39,9:43:00,0.003216877,14.39537655,392.1740333,282.1529132,0.237945838,63.08129439,1.409416881,24.11737,25.68588333,2000.003,8:43:26,0.719458427,0.53,8.5925,4474.953985,60.49854316
EF,Apr-09,5,2,-0.94,-0.41,9:25:00,0.003699042,19.71596281,389.4154194,271.3517976,0.304428479,63.59047344,1.29064925,23.19097742,24.59956774,1999.994194,8:25:48,0.696818318,0.53,8.277222222,5330.01864,64.76385808
ER,Apr-09,5,2,-1.01,-0.07,9:38:00,0.003650799,11.57727691,393.4851613,317.8120977,0.291212454,62.99595929,1.325967679,24.03180645,25.19216129,2000.001613,8:38:50,0.807685089,0.94,8.505,3171.162507,39.75543199
HD,Apr-09,5,2,-0.089,-0.045,9:09:00,0.001887203,12.10796185,393.5887333,251.6182983,0.14841826,62.55802107,1.299016013,21.43624,23.48048667,1999.995667,8:09:30,0.639292431,0.044,7.996944444,6415.823761,81.58000134
PL,Apr-09,5,2,-0.13,-0.126,9:16:00,0.003153829,9.493422569,394.6273793,333.2688802,0.297212772,63.15012093,1.126784917,22.45646897,23.17483793,1999.98931,8:16:54,0.844515352,0.004,8.119444444,3010.125967,31.94150273
AB,Apr-09,5,3,-0.64,-0.29,10:12:00,0.00239086,14.19525974,392.4346667,224.1748952,0.146999897,62.32864386,1.650071203,25.68631,27.63334,1999.996667,9:12:20,0.571241315,0.35,9.100555556,5937.302786,96.56646045
AE,Apr-09,5,3,-0.85,-0.582,10:00:00,0.003820356,14.85094533,391.8239333,296.6386336,0.290637167,63.37539681,1.387047718,25.25812333,26.29396667,1999.988,9:00:22,0.757071247,0.268,8.890277778,3887.31975,51.09788773
AF,Apr-09,5,3,-1.08,-0.59,11:06:00,0.003891237,15.6942835,391.395,284.0518848,0.269901749,66.10591125,1.506069723,27.13574667,28.43009667,1999.999667,10:06:20,0.725742242,0.49,10.04666667,4033.237631,58.1481356
EF,Apr-09,5,3,-1.59,-0.46,10:52:00,0.003765417,20.27249582,389.1344,245.0023746,0.252727212,64.74473743,1.550014496,27.07639667,28.37125333,1999.999333,9:52:01,0.629608625,1.13,9.801388889,5383.864741,80.21493079
ER,Apr-09,5,3,-1.38,-0.29,10:57:00,0.004794834,16.14263123,390.9939355,308.3577521,0.376019906,66.5570979,1.369295432,27.09671935,27.86486129,2000.004839,9:57:26,0.788650984,1.09,9.888888889,3366.671553,42.93025708
HD,Apr-09,5,3,-0.9,-0.58,10:23:00,0.00402244,16.18473842,391.1272,293.9241188,0.31056716,65.06193092,1.371921251,25.75658333,26.79290333,2000.000667,9:23:52,0.751479618,0.32,9.293333333,4023.612141,52.11348946
PL,Apr-09,5,3,-1.52,-0.55,10:44:00,0.003731818,10.58841626,393.9796774,310.74546,0.242088231,64.16554333,1.599535379,26.88971613,28.38694516,1999.995484,9:44:10,0.788734744,0.97,9.661111111,2837.334581,43.73783978
AB,Apr-09,5,4,-1.18,-0.3,11:53:00,0.00217054,13.05865636,393.043,214.8388857,0.126925625,66.47821193,1.717785261,26.80293548,29.20507742,1999.98871,10:53:00,0.546604025,0.88,10.87,6016.316843,102.884318
AE,Apr-09,5,4,-0.68,-0.55,11:44:00,0.003856829,20.93732076,388.788871,276.0160895,0.34097428,70.12259498,1.203991858,26.37459355,27.20776129,1999.991935,10:44:47,0.709938247,0.13,10.71222222,5428.636001,61.40439906
AF,Apr-09,5,4,-0.59,-0.304,12:56:00,0.003100209,13.78586146,392.4982581,282.830412,0.228251773,68.49654921,1.402769241,26.38640968,27.87556129,2000.002581,11:56:26,0.720590235,0.286,11.97361111,4446.752287,60.39760953
EF,Apr-09,5,4,-0.778,-0.21,12:36:00,0.00211843,12.71864941,393.2290667,223.0409773,0.129624979,66.57450897,1.642644371,26.90683667,28.95988,2000.002,11:36:20,0.567203689,0.568,11.62333333,6003.809146,98.11881559
ER,Apr-09,5,4,-0.58,-0.09,12:45:00,0.00401347,14.10803959,392.1598333,308.5971777,0.31979694,69.40364047,1.327046002,26.62796333,27.8298,2000.000667,11:45:33,0.786916842,0.49,11.78083333,3515.172554,44.11561784
HD,Apr-09,5,4,-1.29,-0.295,12:04:00,0.004373246,16.23549811,391.0288,296.8494221,0.324830518,68.16267389,1.424528522,27.45100333,28.59972,1999.997667,11:04:02,0.759149766,0.995,11.0625,3712.459375,49.98144328
PL,Apr-09,5,4,-0.69,-0.4,12:27:00,0.003006971,10.07164127,394.3812581,308.0169386,0.216878502,66.98720802,1.427029247,27.22588387,28.27721613,2000.000968,11:27:04,0.781013124,0.29,11.46555556,3349.430796,46.4390946
AB,Apr-09,5,5,NA,-0.288,13:25:00,0.002127432,12.04709111,393.5648,232.6467152,0.13036617,66.83008389,1.639625719,26.70468667,28.86476,1999.997667,12:25:39,0.591126837,NA,12.48166667,5662.738508,92.40964209
AE,Apr-09,5,5,-0.315,-0.27,13:10:00,0.002443159,10.02996643,394.5103226,288.2509322,0.170276226,67.04435787,1.459107227,26.5281871,27.99184194,2000.00129,12:10:56,0.730654981,0.045,12.21888889,4105.326927,58.9040917
AF,Apr-09,5,5,NA,NA,14:21:00,0.003158865,15.94157636,391.4038387,258.9834248,0.215637139,70.65897673,1.499588033,28.58671935,30.05560645,1999.993226,13:21:20,0.661678295,NA,13.4625,5046.615275,73.92778644
EF,Apr-09,5,5,NA,-0.48,14:06:00,0.002578448,11.31877196,393.8385806,258.4333758,0.148823442,66.33546954,1.74397888,28.3171129,30.19424839,2000.002258,13:06:22,0.656191111,NA,13.2,4389.761578,76.05503413
ER,Apr-09,5,5,NA,-0.98,14:15:00,0.003977469,14.08847094,392.1753871,298.728347,0.282700947,68.96220956,1.467724838,28.23793871,29.42291613,2000.003226,13:15:31,0.761721303,NA,13.3575,3542.069326,49.83524495
HD,Apr-09,5,5,-0.7,-0.16,13:36:00,0.002826205,13.48531006,392.7106774,269.3359295,0.195811202,67.73606985,1.476120932,26.97091935,28.45365484,1999.998065,12:36:16,0.685838061,0.54,12.67444444,4771.525795,68.86894071
PL,Apr-09,5,5,-0.83,-0.468,13:54:00,0.003275744,7.102192174,395.7986452,332.5673292,0.221041134,66.94283742,1.523132914,27.82918387,29.07097097,1999.999355,12:54:48,0.840243728,0.362,12.98972222,2168.115754,32.1306358
AB,Apr-09,5,6,NA,-0.8,14:44:00,0.00217803,9.335094149,394.8916774,256.6475351,0.119597264,67.56985447,1.814266047,29.19964516,31.20094194,1999.999677,13:44:01,0.649918825,NA,13.86555556,4286.026432,78.05441226
AE,Apr-09,5,6,NA,-0.74,14:35:00,0.004624942,21.20330783,388.5025161,281.7696053,0.371397421,71.02036089,1.326379388,29.10997419,29.75509677,2000.000968,13:35:15,0.725270992,NA,13.70777778,4584.556483,57.09061677
AF,Apr-09,5,6,NA,NA,15:23:00,0.003226201,13.33928263,392.6913,257.3775821,0.177382059,66.4210873,1.83676185,30.21879333,31.72911667,2000.003,14:23:14,0.655419619,NA,14.54888889,4134.671904,75.20085574
EF,Apr-09,5,6,NA,NA,15:09:00,0.004096955,18.77879452,389.8107097,262.3745509,0.268831719,70.22998175,1.577437122,29.79727742,31.09118065,1999.992903,14:09:08,0.673081946,NA,14.30361111,4583.597945,69.85334391
ER,Apr-09,5,6,NA,NA,15:14:00,0.004599833,14.91696579,391.6249655,294.5971248,0.290978299,68.36614882,1.644779944,30.34661724,31.4026069,1999.991724,14:14:08,0.752242964,NA,14.39111111,3242.936383,51.26487385
HD,Apr-09,5,6,NA,NA,14:50:00,0.003916401,12.97430211,392.7482333,299.4372338,0.261108598,68.71600196,1.551541429,29.65663333,30.64912333,1999.993,13:50:23,0.762415228,NA,13.97055556,3312.81248,49.68929484
PL,Apr-09,5,6,NA,-0.82,15:03:00,0.004074158,9.255394381,394.5763448,342.9042416,0.362004125,70.76121822,1.195504944,29.66976207,29.55825862,1999.998621,14:03:45,0.869044093,NA,14.19833333,2271.731823,25.56709646
AB,Apr-09,5,7,NA,-0.45,15:56:00,0.00180026,8.739517454,395.2929,210.0142346,0.081756961,62.43606737,2.168547729,29.61295,31.98132,1999.999667,14:56:49,0.531287647,NA,15.12694444,4854.586256,106.8963101
AE,Apr-09,5,7,NA,-0.55,15:45:00,0.00281545,12.71855465,393.1012333,246.1238574,0.153732543,64.1298619,1.840682462,29.71063667,31.06381333,2000,14:45:53,0.626108077,NA,14.93416667,4517.414499,82.73170014
AF,Apr-09,5,7,NA,-0.4,16:47:00,0.001835219,10.02994472,394.6263,197.2017437,0.087494349,64.0585993,2.068998842,29.44508,31.76670667,1999.997,15:47:23,0.499717692,NA,16.02027778,5465.257672,114.6353431
EF,Apr-09,5,7,NA,-0.52,16:28:00,0.002575079,11.45513149,393.7529032,238.5411643,0.13045009,63.54507392,1.971610755,29.4022871,31.29319677,1999.998387,15:28:30,0.605814363,NA,15.6875,4448.458276,87.81236939
ER,Apr-09,5,7,NA,NA,16:34:00,0.004086259,11.21490658,393.6009667,307.9739885,0.250563343,65.74733926,1.683014222,29.22876667,30.41244,1999.999667,15:34:32,0.782452317,NA,15.7925,2744.541298,44.75876817
HD,Apr-09,5,7,NA,-0.25,16:05:00,0.004005851,13.20126614,392.6062414,288.6601033,0.236970069,65.33364827,1.73787299,29.49572414,30.72753793,1999.998621,15:05:28,0.73524074,NA,15.28444444,3295.496048,55.70858039
PL,Apr-09,5,7,NA,-0.56,16:21:00,0.002118025,6.610725181,396.2667333,290.670652,0.114248993,62.96564462,1.844898916,29.50878,30.77078333,2000.000667,15:21:59,0.73352272,NA,15.56472222,3121.174293,57.86243719
AB,Apr-09,5,8,NA,-0.319,17:07:00,0.002795289,11.17493714,393.8743871,255.2291249,0.144271839,64.08158184,1.941781992,29.57140645,31.36243871,2000.000968,16:07:21,0.647996248,NA,16.37055556,3997.775235,77.45750811
AE,Apr-09,5,8,NA,-0.48,16:59:00,0.002093478,8.131038431,395.5103448,266.1803494,0.112108327,63.1183686,1.856474372,29.69039655,30.9485,2000.001724,15:59:28,0.673004772,NA,16.23055556,3883.985612,72.52840756
AF,Apr-09,5,8,NA,NA,18:40:00,0,0,400,NA,0,NA,NA,NA,NA,NA,17:40:00,NA,NA,18,NA,NA
EF,Apr-09,5,8,NA,NA,18:40:00,0,0,400,NA,0,NA,NA,NA,NA,NA,17:40:00,NA,NA,18,NA,NA
ER,Apr-09,5,8,NA,NA,18:40:00,0,0,400,NA,0,NA,NA,NA,NA,NA,17:40:00,NA,NA,18,NA,NA
HD,Apr-09,5,8,NA,-0.152,17:14:00,0.002906385,9.359499226,394.746,283.5499973,0.154385919,64.59186163,1.892815694,29.3633871,31.13291613,2000.002258,16:14:05,0.718309995,NA,16.49333333,3220.323263,60.62404711
PL,Apr-09,5,8,NA,NA,18:40:00,0,0,400,NA,0,NA,NA,NA,NA,NA,17:40:00,NA,NA,18,NA,NA
AB,Apr-09,5,9,NA,NA,18:40:00,0,0,400,NA,0,NA,NA,NA,NA,NA,17:40:00,NA,NA,18,NA,NA
AE,Apr-09,5,9,NA,NA,18:40:00,0,0,400,NA,0,NA,NA,NA,NA,NA,17:40:00,NA,NA,18,NA,NA
HD,Apr-09,5,9,NA,NA,18:40:00,0,0,400,NA,0,NA,NA,NA,NA,NA,17:40:00,NA,NA,18,NA,NA
AB,Apr-13,6,0,-0.262,-0.262,7:18:00,0,0,400,NA,0,NA,NA,NA,NA,NA,5:45,NA,0,6,NA,NA
AE,Apr-13,6,0,-0.421,-0.421,7:18:00,0,0,400,NA,0,NA,NA,NA,NA,NA,5:56,NA,0,6,NA,NA
AF,Apr-13,6,0,-0.52,-0.52,7:18:00,0,0,400,NA,0,NA,NA,NA,NA,NA,5:59,NA,0,6,NA,NA
EF,Apr-13,6,0,-0.61,-0.61,7:18:00,0,0,400,NA,0,NA,NA,NA,NA,NA,5:50,NA,0,6,NA,NA
ER,Apr-13,6,0,-0.32,-0.32,7:18:00,0,0,400,NA,0,NA,NA,NA,NA,NA,6:01,NA,0,6,NA,NA
HD,Apr-13,6,0,-0.215,-0.215,7:18:00,0,0,400,NA,0,NA,NA,NA,NA,NA,5:58,NA,0,6,NA,NA
PL,Apr-13,6,0,-0.316,-0.316,7:18:00,0,0,400,NA,0,NA,NA,NA,NA,NA,5:47,NA,0,6,NA,NA
AB,Apr-13,6,1,-0.366,-0.237,8:02:00,0.000519977,2.148016554,399.4222667,354.8737212,0.085590573,65.52657042,0.624282588,11.31868333,13.02965333,1999.998667,7:02:58,0.888467546,0.129,6.779722222,4130.983782,NA
AE,Apr-13,6,1,-0.49,-0.24,7:35:00,0.000538347,6.60557335,396.6535333,278.3647934,0.093846363,64.92141032,0.593144009,11.67705667,12.84258,1999.998333,6:35:38,0.701783219,0.25,6.301111111,12270.10339,70.38710014
AF,Apr-13,6,1,-0.402,-0.357,8:25:00,0.00024331,4.016374802,397.9489032,211.6947854,0.035435113,67.02845485,0.698587495,11.46376452,14.0478129,2000.001613,7:25:01,0.531964741,0.045,7.1875,16507.23276,113.3444897
EF,Apr-13,6,1,-0.759,-0.614,7:41:00,0.000636384,7.676400066,396.0289333,257.0507945,0.092769935,65.38894372,0.708768746,11.54582333,13.97813333,2000.001,6:41:03,0.649070744,0.145,6.4075,12062.52839,82.74663625
ER,Apr-13,6,1,-0.225,-0.196,8:08:00,0.000716748,6.316783273,396.6971,297.9851426,0.109172295,67.0633362,0.681388702,11.42279667,13.86293667,1999.998,7:08:37,0.751165417,0.029,6.886111111,8813.116009,57.86068043
HD,Apr-13,6,1,-0.409,-0.246,8:17:00,0.001249188,10.12075124,394.6810333,319.60179,0.237866008,69.76816909,0.564005287,11.54224,13.13898667,2000,7:17:47,0.809772355,0.163,7.045555556,8101.863963,42.54811911
PL,Apr-13,6,1,-0.388,-0.238,7:52:00,0.000382357,4.3810853,397.7265,292.3438495,0.069650073,65.81142374,0.564076727,11.34699333,12.46486,1999.999,6:52:01,0.735037393,0.15,6.6025,11458.10146,62.90137413
AB,Apr-13,6,2,-0.454,-0.35,9:05:00,0.000541909,7.093913191,396.3488333,237.8263532,0.074633475,66.40608925,0.745946949,13.74906,15.73520667,1999.998333,8:05:30,0.600043026,0.104,7.896388889,13090.59859,95.05001865
AE,Apr-13,6,2,-0.536,-0.469,8:35:00,0.000501062,5.723303856,397.0528667,289.150703,0.089266552,67.38967361,0.579830872,11.90750333,13.19758667,1999.996667,7:35:48,0.728242326,0.067,7.364722222,11422.34665,64.11476334
AF,Apr-13,6,2,-0.778,-0.593,9:25:00,0.001215731,10.78369961,394.3591034,286.2076949,0.172449041,70.84944304,0.742594272,14.52694483,16.78862069,1999.996552,8:25:42,0.725753995,0.185,8.250833333,8870.136247,62.5326737
EF,Apr-13,6,2,-0.856,-0.722,8:41:00,0.000965548,14.66324067,392.4852759,237.5670371,0.160456949,69.50038963,0.633036548,12.04403448,14.09486552,1999.997931,7:41:22,0.605289043,0.134,7.471111111,15186.44404,91.384267
ER,Apr-13,6,2,-0.648,-0.408,9:12:00,0.001187215,10.33806608,394.5840333,297.0164612,0.183934516,71.80022036,0.68214532,13.92367,16.03114333,2000.003333,8:12:11,0.752733096,0.24,8.020555556,8707.829736,56.20514466
HD,Apr-13,6,2,-0.749,-0.531,9:19:00,0.001914691,14.15787691,392.5465,317.8686479,0.343710241,73.45640823,0.613247437,14.27905333,15.90105333,1999.996667,8:19:14,0.809760494,0.218,8.144722222,7394.340345,41.1913153
PL,Apr-13,6,2,-0.312,-0.248,8:49:00,0.000959394,6.988672003,396.3219333,326.0161395,0.173795679,68.52679276,0.582861548,12.61441667,13.83531,1999.997667,7:49:03,0.822604333,0.064,7.612777778,7284.464988,40.21200092
AB,Apr-13,6,3,-0.592,-0.546,10:42:00,7.98E-05,3.493051687,398.2566207,-361.1260432,0.007375782,65.84568906,1.084982571,18.78296207,21.13975862,2000.00069,9:42:20,-0.906767206,0.046,9.615833333,43772.57753,NA
AE,Apr-13,6,3,-0.653,-0.602,9:40:00,0.001519584,12.51836349,393.4264483,299.6981432,0.235055449,68.97385991,0.691865929,15.72854138,16.87145862,1999.995862,8:40:52,0.761764097,0.051,8.516944444,8238.02007,53.2570657
AF,Apr-13,6,3,-1.715,-0.885,10:53:00,0.003284605,15.34980356,391.6948621,306.2801779,0.333316331,68.02432815,1.073389427,21.29667586,22.89842759,1999.969655,9:53:34,0.781935653,0.83,9.810833333,4673.257077,46.05175964
EF,Apr-13,6,3,-1.175,-0.812,9:46:00,0.001330726,13.12030383,393.1702069,263.9572653,0.174828514,69.03109613,0.801475563,15.86121379,17.83562414,1999.997241,8:46:54,0.671356224,0.363,8.623333333,9859.508141,75.04670451
ER,Apr-13,6,3,-1.103,-0.578,10:01:00,0.001467709,11.99109521,393.7144138,275.6549172,0.176220432,68.08954934,0.87617066,16.8814931,18.89155862,2000.000345,9:01:05,0.700139257,0.525,8.889166667,8169.940506,68.04599826
HD,Apr-13,6,3,-1.713,-0.858,10:48:00,0.00319481,14.96022914,391.8947,317.741946,0.378286184,69.23351201,0.932243833,19.85423333,21.29973667,1999.994667,9:48:38,0.810783984,0.855,9.722222222,4682.666306,39.54738442
PL,Apr-13,6,3,-0.71,-0.503,9:54:00,0.002114318,10.9206222,394.1236333,335.0719,0.342362307,69.07523468,0.678639257,16.68215667,17.40495333,1999.987667,8:54:30,0.85016952,0.207,8.765,5165.080276,31.897852
AB,Apr-13,6,4,-1.348,-0.448,11:43:00,0.000720573,8.132225751,395.8061667,130.013595,0.050696431,67.72084368,1.429701012,24.47946667,26.70242,2000.017333,10:43:40,0.328477942,0.9,10.69694444,11285.77639,160.410222
AE,Apr-13,6,4,-1.296,-0.962,11:07:00,0.002482239,15.5001568,391.7654483,277.9662115,0.242783988,67.70511833,1.087397113,22.17973448,23.48602414,1999.995517,10:07:20,0.709522018,0.334,10.05888889,6244.425617,63.84340635
AF,Apr-13,6,4,-1.63,-1.128,11:53:00,0.002261512,18.75459216,390.184,249.8070761,0.234326716,78.19971409,1.018833936,23.77292581,25.77269355,1999.999355,10:53:27,0.640228908,0.502,10.87444444,8292.943907,80.03608159
EF,Apr-13,6,4,-2.778,-1.354,11:11:00,0.00190918,19.10059076,390.071069,189.1944283,0.162569021,69.23953846,1.220045351,23.39689655,25.21051379,1999.973448,10:11:42,0.485025533,1.424,10.12972222,10004.60447,117.4921928
ER,Apr-13,6,4,-1.851,-1.201,11:40:00,0.003356874,17.77531342,390.4786207,283.2572296,0.30226999,68.86847003,1.194135515,24.66082414,25.82785517,2000.021379,10:40:45,0.725410342,0.65,10.64388889,5295.198277,58.80608068
HD,Apr-13,6,4,-1.71,-0.782,12:08:00,0.002319358,13.36262288,392.8439655,321.4819825,0.344022102,81.22262619,0.73271306,23.11208621,24.24067586,2000.007931,11:08:35,0.818345223,0.928,11.14027778,5761.345545,38.84233833
PL,Apr-13,6,4,-1.122,-0.786,11:30:00,0.001030801,4.971897152,397.3122759,260.772184,0.063168145,63.22750639,1.645272689,25.69293793,27.75178621,1999.988621,10:30:51,0.656340616,0.336,10.46666667,4823.333652,78.70893078
AB,Apr-13,6,5,-1.18,-0.556,12:44:00,0.001262906,9.448414208,395.0209,202.7920808,0.083404827,67.119268,1.533176518,25.15117667,27.50482667,1999.994333,11:44:51,0.51337051,0.624,11.77833333,7481.486514,113.2837816
AE,Apr-13,6,5,-1.642,-1.065,12:20:00,0.001251906,10.52690415,394.4882,278.7183812,0.156945354,78.49851113,0.827067418,22.52296333,23.90206,2000.002667,11:20:19,0.706531605,0.577,11.35277778,8408.701732,67.07369082
AF,Apr-13,6,5,-1.528,-0.668,12:49:00,0.003315303,22.488121,388.1253871,266.7437225,0.335368595,72.62301116,1.069544834,24.95717097,25.99285806,2000.006774,11:49:26,0.687261724,0.86,11.86694444,6783.126912,67.05493995
EF,Apr-13,6,5,-2.268,-1.57,12:28:00,0.003351309,20.60083785,389.0662759,288.7437871,0.377590074,78.57851783,0.970779963,24.11222759,25.82815517,1999.96931,11:28:10,0.742145503,0.698,11.49472222,6147.101879,54.55873782
ER,Apr-13,6,5,-2.098,-1.473,12:39:00,0.003416047,18.58490405,390.0509655,284.4573671,0.321823487,71.80888888,1.145140442,24.65780345,26.04004483,1999.993103,11:39:46,0.729282561,0.625,11.68972222,5440.470828,57.74874986
HD,Apr-13,6,5,-1.789,-1.098,12:57:00,0.003557834,14.69514842,391.9502,325.9152517,0.425902902,75.48623552,0.92451532,24.53307,25.41252,1999.998,11:57:52,0.831522096,0.691,12.00861111,4130.363704,34.50351794
PL,Apr-13,6,5,-1.18,-0.771,12:31:00,0.001583072,9.300911151,395.0341724,286.5119697,0.150243037,70.89488717,1.088732308,24.29894138,25.36972759,2000.006207,11:31:36,0.725284013,0.409,11.54777778,5875.229396,61.90577172
AB,Apr-13,6,6,-1.058,-0.923,13:57:00,0.000523264,2.517580398,398.6292258,239.7142187,0.027204095,65.15290205,1.904789463,27.8861871,30.40624194,1999.973871,12:57:37,0.601346322,0.135,13.07222222,4811.300602,92.54417021
AE,Apr-13,6,6,-1.12,-0.977,13:04:00,0.00229644,12.63765784,393.2245667,280.6255652,0.199587749,69.86162902,1.201575752,25.36272,26.48072667,1999.977,12:04:01,0.71365217,0.143,12.13277778,5503.151765,63.3188054
AF,Apr-13,6,6,-1.034,-0.762,14:07:00,0.001236504,9.612585108,394.9371,185.115822,0.077435347,69.02928049,1.606612146,26.34719,28.83755333,2000.028,13:07:14,0.46872229,0.272,13.24944444,7774.002436,124.1369153
EF,Apr-13,6,6,-2.092,-1.32,13:07:00,0.002179734,16.08902867,391.5465667,225.282664,0.167715137,68.71978773,1.345523645,25.29013333,26.95005667,2000.008333,12:07:35,0.57536621,0.772,12.18611111,7381.189021,95.93068913
ER,Apr-13,6,6,-2.268,-1.23,13:35:00,0.004228805,18.61308551,389.8669677,291.3150855,0.352731516,67.12866781,1.299947616,26.06158387,26.97215161,1999.996774,12:35:54,0.74721664,1.038,12.68222222,4401.500072,52.76842206
HD,Apr-13,6,6,-1.52,-0.531,14:13:00,0.003072109,12.29258069,393.2485862,304.602336,0.255849916,69.69854707,1.269024792,25.86380345,27.1081,2000.018276,13:13:44,0.774579609,0.989,13.35583333,4001.349135,48.04606107
PL,Apr-13,6,6,-0.971,-0.753,13:24:00,0.002344082,8.960499005,395.0598,289.1771188,0.152865253,61.92499169,1.579923291,26.36952333,27.63832667,1999.999333,12:24:17,0.731983155,0.218,12.48722222,3822.604757,58.61697691
AB,Apr-13,6,7,-0.748,-0.538,14:51:00,0.00029104,2.166411157,398.8463,175.7144134,0.016196322,64.22204796,1.777517273,26.43075667,28.90790333,2000.007,13:51:33,0.440556709,0.21,14.02944444,7443.688692,133.7594521
AE,Apr-13,6,7,-0.887,-0.637,14:21:00,0.002008742,12.24236545,393.5075667,241.3553014,0.139947223,67.6324332,1.470616353,25.95098333,27.77843333,1999.996333,13:21:47,0.613343483,0.25,13.49777778,6094.543475,87.478445
AF,Apr-13,6,7,-1.949,-1.013,15:06:00,0.003278268,13.03494913,392.8445,286.2286165,0.22358898,63.69830496,1.53503184,26.46252667,27.76843,2000.007667,14:06:15,0.728605381,0.936,14.29527778,3976.169468,58.29871012
EF,Apr-13,6,7,-2.658,-1.832,14:28:00,0.002775907,17.97573253,390.4741379,235.7135375,0.204271002,67.72932545,1.415657337,26.31207586,27.76684483,1999.984138,13:28:05,0.603659794,0.826,13.62166667,6475.624915,87.99943386
ER,Apr-13,6,7,-2.043,-1.727,14:40:00,0.003758198,14.7236106,391.9084333,287.4001794,0.26005691,65.30618771,1.524868575,27.56072,28.64710333,1999.971333,13:40:03,0.733335022,0.316,13.83444444,3917.731477,56.61687897
HD,Apr-13,6,7,-1.601,-0.953,15:17:00,0.003151765,12.27224948,393.2484483,289.2196476,0.215802815,61.67550677,1.528110966,26.00585862,27.1458,2000.007241,14:17:14,0.735462909,0.648,14.49027778,3893.770468,56.86788414
PL,Apr-13,6,7,-1.18,-0.735,14:32:00,0.002125628,10.02066939,394.5763667,267.7227865,0.13975771,64.84183805,1.557725947,26.48806333,28.06682333,2000.005333,13:32:47,0.678506898,0.445,13.6925,4714.215935,71.70029754
AB,Apr-13,6,8,-1.036,-0.496,15:56:00,0.000636961,4.548377737,397.6025484,141.8463859,0.029738556,57.02670756,2.125420896,27.17436129,29.69962581,2000.006129,14:56:56,0.356754217,0.54,15.18166667,7140.747608,152.9454805
AE,Apr-13,6,8,-1.347,-0.898,15:24:00,0.002306951,10.40645879,394.3552,268.3587235,0.146807392,58.39141991,1.615224157,26.30225333,27.19811,1999.991667,14:24:03,0.680500025,0.449,14.61444444,4510.914532,70.88511449
AF,Apr-13,6,8,-1.271,-0.738,16:02:00,0.003473495,11.33480068,393.6456333,305.8071052,0.241705527,64.09501047,1.510860134,26.58510333,27.79449,2000.010333,15:02:29,0.776858878,0.533,15.28777778,3263.226428,46.89508271
EF,Apr-13,6,8,-2.518,-2.108,15:30:00,0.00366107,19.63539664,389.4711,234.3482452,0.225796461,59.6354017,1.69887066,26.80371667,28.06315667,1999.989,14:30:20,0.601708946,0.41,14.72055556,5363.294512,86.96060405
ER,Apr-13,6,8,-1.766,-0.943,15:44:00,0.003163235,15.21835394,391.7765862,249.6719176,0.19106621,59.80761358,1.71874274,26.72731034,28.13724483,1999.995862,14:44:54,0.637281365,0.823,14.96888889,4811.009596,79.64963528
HD,Apr-13,6,8,-1.534,-0.87,16:11:00,0.003365859,15.61973606,391.5215806,277.496293,0.248850049,65.2273088,1.425754264,25.99588065,27.22229355,2000.004839,15:11:15,0.708763723,0.664,15.4475,4640.638856,62.76766319
PL,Apr-13,6,8,-0.953,-0.705,15:41:00,0.001157849,5.922257455,396.8107586,220.4030311,0.057738202,56.6682344,2.008032618,26.84066897,28.9811,2000.007586,14:41:19,0.555436127,0.248,14.91555556,5114.878931,102.5708673
AB,Apr-13,6,9,-1.054,-0.861,16:50:00,0.000292784,1.671466049,399.1149667,193.9106022,0.013754448,52.37972307,2.109347782,25.35773333,28.0716,2000.012667,15:50:33,0.485851492,0.193,16.13861111,5708.870871,121.521856
AE,Apr-13,6,9,-1.256,-0.782,16:20:00,0.001556613,10.10527049,394.6359655,210.2752766,0.093835269,59.42350583,1.679737068,25.82473448,27.40012414,1999.99931,15:20:44,0.532833535,0.474,15.60694444,6491.83226,107.6916025
AF,Apr-13,6,9,-0.715,-0.44,16:56:00,0.000795805,5.628819627,397.0317,152.4218899,0.038600204,52.89100737,2.057691365,25.07288,27.78153,2000.006667,15:56:05,0.383903577,0.275,16.245,7073.114176,145.823572
EF,Apr-13,6,9,-2.158,-1.31,16:31:00,0.003219031,17.78070374,390.4973793,228.6607636,0.194201908,57.83860827,1.723924025,25.97863448,27.44176207,1999.979655,15:31:32,0.585562863,0.848,15.80194444,5523.619915,91.55782208
ER,Apr-13,6,9,-1.418,-0.796,16:40:00,0.002382785,12.02028733,393.5202759,230.0455669,0.128745337,54.89608072,1.891620867,26.14297931,27.84045172,2000.008621,15:40:41,0.584583771,0.622,15.96138889,5044.637821,93.36483643
HD,Apr-13,6,9,-1.178,-0.463,17:06:00,0.003917778,18.09279139,390.1934483,270.6695489,0.276557211,57.13163674,1.508714458,24.60454138,25.53706897,2000.001379,16:06:57,0.693680404,0.715,16.42222222,4618.125731,65.42151378
PL,Apr-13,6,9,-1.302,-0.948,16:35:00,0.00293463,11.60229401,393.6281333,269.708542,0.168886114,55.32704032,1.795039963,26.40433,27.59911667,1999.988667,15:35:12,0.685186142,0.354,15.87277778,3953.579841,68.69892222
AB,Apr-13,6,10,-0.623,-0.391,17:42:00,8.50E-05,0.254922637,399.8739677,290.7564688,0.004172499,48.81623797,2.019072855,23.91697097,26.49238387,2000.001935,16:42:29,0.727120274,0.232,17.06055556,2999.089847,61.09591326
AE,Apr-13,6,10,-0.821,-0.535,17:14:00,0.000904269,4.873794865,397.3788621,238.7068205,0.052699149,51.49502945,1.724228961,24.41684828,25.65271034,2000.004828,16:14:46,0.600703367,0.286,16.56416667,5389.762189,92.48336942
AF,Apr-13,6,10,-0.718,-0.459,17:47:00,0.00073781,5.383379412,397.1827241,155.4426906,0.037309233,49.89851846,1.978027673,23.75811034,26.38008621,2000.011034,16:47:53,0.391363172,0.259,17.14916667,7296.430534,144.290809
EF,Apr-13,6,10,-1.613,-0.882,17:18:00,0.00196306,11.86492807,393.6883,213.5112681,0.113647737,53.07354218,1.763743891,24.22099,26.00124333,2000,16:18:56,0.542335823,0.731,16.635,6044.098535,104.400918
ER,Apr-13,6,10,-0.738,-0.556,17:38:00,0.002046278,12.54874949,393.3219333,211.0296302,0.11883744,52.49169078,1.761319769,23.91006,25.7515,2000.001,16:38:23,0.536531559,0.182,16.98944444,6132.475397,105.5959257
HD,Apr-13,6,10,-1.178,-0.721,17:53:00,0.00427736,15.11766173,391.6109655,303.8215159,0.326029313,56.26765011,1.417951834,23.49130345,24.31622759,2000.007241,16:53:41,0.775824843,0.457,17.25527778,3534.344018,46.36902612
PL,Apr-13,6,10,-0.923,-0.545,17:26:00,8.83E-05,0.243742137,399.8843793,308.7268985,0.004832753,49.12176994,1.81214812,24.26945517,25.66177931,2000.004483,16:26:28,0.772040406,0.378,16.77694444,2760.386602,50.43546339
AB,Apr-13,6,11,NA,NA,18:35:00,0,0,400,NA,0,NA,NA,NA,NA,NA,17:35:00,NA,NA,18,NA,NA
AE,Apr-13,6,11,NA,NA,18:35:00,0,0,400,NA,0,NA,NA,NA,NA,NA,17:35:00,NA,NA,18,NA,NA
AF,Apr-13,6,11,NA,NA,18:35:00,0,0,400,NA,0,NA,NA,NA,NA,NA,17:35:00,NA,NA,18,NA,NA
EF,Apr-13,6,11,NA,NA,18:35:00,0,0,400,NA,0,NA,NA,NA,NA,NA,17:35:00,NA,NA,18,NA,NA
ER,Apr-13,6,11,NA,NA,18:35:00,0,0,400,NA,0,NA,NA,NA,NA,NA,17:35:00,NA,NA,18,NA,NA
HD,Apr-13,6,11,NA,NA,18:35:00,0,0,400,NA,0,NA,NA,NA,NA,NA,17:35:00,NA,NA,18,NA,NA
PL,Apr-13,6,11,NA,NA,18:35:00,0,0,400,NA,0,NA,NA,NA,NA,NA,17:35:00,NA,NA,18,NA,NA
